RBP0,Motif,RBP,smallest_p_in_upstreamIntron,smallest_p_in_targetExon.5prime,smallest_p_in_targetExon.3prime,smallest_p_in_downstreamIntron,enriched_in_
HNRNPA2B1,[AGT]TAGGG[AT],HNRNPA2B1.[AGT]TAGGG[AT],0.0740005718675,0.507529094242,0.0310722016053,0.0189811381148,Clst1-3_enrich
HNRNPA1,[AGT]TAGGG[AT],HNRNPA1.[AGT]TAGGG[AT],0.0740005718675,0.507529094242,0.0310722016053,0.0189811381148,Clst1-3_enrich
HNRNPA1L2,[AGT]TAGGG[AT],HNRNPA1L2.[AGT]TAGGG[AT],0.0740005718675,0.507529094242,0.0310722016053,0.0189811381148,Clst1-3_enrich
MSI1,TAGT[AT][AG]G,MSI1.TAGT[AT][AG]G,0.0147981681305,0.507529094242,0.210155148096,0.116561890059,Clst1-3_enrich
SNRPA,[AT]TGCAC[AG],SNRPA.[AT]TGCAC[AG],0.00504506632627,0.0240387672887,0.190358447978,0.0535428114711,Clst1-3_enrich
FXR1,A[CT]GAC[AG],FXR1.A[CT]GAC[AG],0.0131752167405,0.322990055391,0.0809405325518,0.250872082102,Clst1-3_enrich
HNRNPK,CCA[AT][AC]CC,HNRNPK.CCA[AT][AC]CC,0.00318124002841,0.0145419168075,0.0535428114711,0.0200430899675,Clst1-3_enrich
MBNL1,GCTTGC,MBNL1.GCTTGC,0.0859373032387,0.0369379643252,0.00898970407948,0.23239366062,Clst1-3_enrich
SRSF10,AGAGA[ACG][AC],SRSF10.AGAGA[ACG][AC],0.00878176746659,0.0933607942063,0.0967465676216,0.134885524207,Clst1-3_enrich
CNOT4,GACAGA,CNOT4.GACAGA,0.0189811381148,0.548849988509,0.673709532071,0.0635220930062,Clst1-3_enrich
ZC3H10,[GC][GC]AGCG[AC],ZC3H10.[GC][GC]AGCG[AC],0.0310722016053,0.0237111200077,0.22542532192,0.196384931878,Clst1-3_enrich
YBX2,AACA[AT]C[AGT],YBX2.AACA[AT]C[AGT],0.00558902213505,0.305041081091,0.218944358529,0.0145419168075,Clst1-3_enrich
QKI,ACTAAC[ACG],QKI.ACTAAC[ACG],0.0310722016053,0.196384931878,0.0310722016053,0.0989818446846,Clst1-3_enrich
ANKHD1,AGACG[AT][AT],ANKHD1.AGACG[AT][AT],0.507529094242,0.0310722016053,0.196384931878,0.196384931878,Clst1-3_enrich
FMR1,[GT]GACA[AG]G,FMR1.[GT]GACA[AG]G,0.0335006221163,0.232202950824,0.160095129467,0.0237111200077,Clst1-3_enrich
PPRC1,[GC][GC]GCGC[GC],PPRC1.[GC][GC]GCGC[GC],0.196384931878,0.196384931878,0.210155148096,0.0310722016053,Clst1-3_enrich
YBX1,AACATC,YBX1.AACATC,0.0369379643252,0.633146574126,0.633146574126,0.0859373032387,Clst1-3_enrich
RBM8A,[AG][CT]GCGC[CGT],RBM8A.[AG][CT]GCGC[CGT],0.0656779782393,0.611243815032,0.28352290097,0.0310722016053,Clst1-3_enrich
SRSF10,AGAGA[ACG][AC],SRSF10.AGAGA[ACG][AC],0.219402208121,0.426649997348,0.292480678221,0.0498347675033,Clst4_enrich
FXR1,A[CT]GAC[AG],FXR1.A[CT]GAC[AG],0.188980843169,0.0621997645338,0.0225152867544,0.0161568275238,Clst4_enrich
FUS,CGCGC,FUS.CGCGC,0.407592280095,0.649342239072,0.407592280095,0.0401699689018,Clst4_enrich
MSI1,TAGT[AT][AG]G,MSI1.TAGT[AT][AG]G,0.118702942496,0.325509434356,0.0121211128108,0.0664679753258,Clst4_enrich
ANKHD1,AGACG[AT][AT],ANKHD1.AGACG[AT][AT],0.230240549828,0.0834320915286,0.0401699689018,0.134424233064,Clst4_enrich
ZC3H10,[GC][GC]AGCG[AC],ZC3H10.[GC][GC]AGCG[AC],0.0401699689018,0.203310927826,0.139026405433,1,Clst4_enrich
