p_val,avg_logFC,pct.1,pct.2,p_val_adj,cluster,gene
1.17314710127618e-106,1.96909103570892,1,0.76,2.72439951329367e-102,Beta,IGF2
2.10857077274721e-106,1.95950693894282,1,0.698,4.89673390555085e-102,Beta,INS
4.32735645934394e-82,1.14617054908855,0.955,0.343,1.00494199055344e-77,Beta,ADCYAP1
1.37089817716764e-79,1.417195381536,0.994,0.467,3.18363683683641e-75,Beta,HADH
2.95167724921319e-79,0.953652389124599,0.981,0.39,6.8546800758478e-75,Beta,NPTX2
5.45612189302707e-79,2.04155685241249,0.975,0.597,1.26707518721768e-74,Beta,IAPP
1.33952541182989e-75,1.38089229654583,0.997,0.666,3.11077986389255e-71,Beta,MEG3
4.30740328224044e-74,1.63305419752506,0.99,0.762,1.0003082642347e-69,Beta,PFKFB2
1.00934559604228e-71,1.30945528741648,0.994,0.739,2.34400327768899e-67,Beta,SORL1
1.9124612141275e-69,0.7971985834219,1,0.983,4.44130867756829e-65,Beta,TSPYL1
1.53905149151267e-68,0.622881957852484,1,1,3.57413927873986e-64,Beta,RPS3
7.47785019743761e-68,0.814828571705936,0.987,0.452,1.73658115135094e-63,Beta,TIMP2
1.22397706871158e-66,1.01458614316053,0.981,0.512,2.8424419466689e-62,Beta,GSN
3.82099518881718e-66,0.611271552923514,1,1,8.87349712699015e-62,Beta,RPS6
4.28357638836681e-66,1.03024615586943,0.914,0.349,9.94774944670424e-62,Beta,CASR
5.75355577828137e-64,0.672601178917591,1,0.994,1.33614825839028e-59,Beta,RPL3
1.40928007438154e-62,1.02459480932351,0.994,0.762,3.27277111673624e-58,Beta,PCSK1
1.49015170592105e-60,0.859619566843997,0.911,0.338,3.46057930666045e-56,Beta,SCD5
2.52885530593522e-59,0.776534070501864,1,0.998,5.87276067697336e-55,Beta,EIF4A2
4.6386175406208e-59,1.0841216425739,0.987,0.724,1.07722615145837e-54,Beta,SYNE2
2.23071034714443e-58,0.591816294363046,0.997,0.998,5.18037863917352e-54,Beta,RPL23
1.16373609009551e-57,1.05745960912511,0.994,0.936,2.70254432202881e-53,Beta,ABCC8
2.12731308822311e-57,0.846722896851859,0.975,0.619,4.94025918478052e-53,Beta,SYT13
1.1234729602957e-54,1.3185638918998,0.962,0.713,2.6090412556947e-50,Beta,G6PC2
3.6679208064156e-54,0.869963948234667,1,0.991,8.51801248873894e-50,Beta,ERO1LB
4.19546256986941e-53,0.754071523995918,0.943,0.428,9.74312272600772e-49,Beta,PRSS23
4.30977160944248e-53,0.728291082283737,1,0.983,1.00085826086083e-48,Beta,PTEN
6.38167869786747e-52,0.528331150808417,1,1,1.48201724400576e-47,Beta,HSP90AB1
2.24434513212006e-51,0.559571053696007,1,1,5.21204270032243e-47,Beta,RPL5
8.55763717985797e-51,0.49576543341121,1,0.991,1.98734008227842e-46,Beta,RPS23
3.78190912797098e-50,1.04628424679026,0.815,0.306,8.78272756788701e-46,Beta,BMP5
1.71460992013279e-48,0.773086032026281,0.981,0.745,3.98183861752437e-44,Beta,UCHL1
3.71372947142726e-48,0.693229051627266,1,0.983,8.62439395149552e-44,Beta,SCGN
1.18785892596491e-47,0.48273115428884,0.997,0.996,2.75856478376831e-43,Beta,RPL24
2.32474067438489e-47,0.498846880597782,0.812,0.321,5.39874526812403e-43,Beta,ROBO1
5.13006864114497e-47,0.945887158904491,0.869,0.499,1.1913558405331e-42,Beta,TBC1D24
3.4739093576848e-46,0.530407233178746,0.777,0.298,8.06745970135141e-42,Beta,TGFBR3
9.5355030237587e-46,0.614372354199675,0.573,0.109,2.21442986720748e-41,Beta,LRRTM3
9.774664297771e-46,1.0028635869962,0.981,0.837,2.26997028987136e-41,Beta,CADM1
3.02620820687394e-45,1.02501577775147,0.758,0.285,7.02776331882336e-41,Beta,ENTPD3
1.32085031062557e-43,0.702264395230086,1,0.968,3.06741067636576e-39,Beta,SLC30A8
1.51374055371689e-43,0.669451308058647,0.959,0.728,3.51535968789673e-39,Beta,ATP2A3
2.47876920792163e-43,0.715068565483621,0.729,0.255,5.7564457315564e-39,Beta,FAT1
5.70459280306087e-43,0.50507240286476,1,1,1.32477758665483e-38,Beta,PPP1CB
1.22459853996898e-41,1.01628805112013,0.729,0.334,2.84388518936996e-37,Beta,TTC39C
1.96910657122012e-41,0.676239468293862,1,0.981,4.5728561903445e-37,Beta,HSPA8
2.05760699989111e-41,0.680662373083148,1,0.989,4.77838073584713e-37,Beta,MAP1B
5.6248858655911e-41,0.487439973222081,1,0.991,1.30626724456622e-36,Beta,RPL4
7.15517505453406e-41,0.524066604764596,0.729,0.272,1.66164630291444e-36,Beta,TMEM37
7.95991891291982e-41,0.759012194357525,0.994,0.964,1.84853196914737e-36,Beta,TBL1XR1
8.69485747720904e-41,0.667402335376454,1,1,2.01920675193226e-36,Beta,SCG3
1.86476656746259e-40,0.853667513913187,0.637,0.188,4.33054739961837e-36,Beta,GPM6A
4.90188539274939e-40,1.2016143175288,0.939,0.692,1.13836484475819e-35,Beta,CDKN1C
1.64666107244185e-39,0.86861942217331,0.857,0.433,3.8240410085317e-35,Beta,ELMO1
1.99964532118806e-39,0.681177141923916,0.885,0.471,4.64377632939503e-35,Beta,ITPR3
3.47086973163712e-39,0.479332435520786,0.971,0.891,8.06040077778089e-35,Beta,SEPW1
6.03833495940947e-39,0.753644937611202,0.997,0.953,1.40228252762366e-34,Beta,ETNK1
7.18549645004209e-39,0.676663740961336,0.99,0.985,1.66868784059327e-34,Beta,TLK1
1.60931358617695e-38,0.902900682288422,0.93,0.756,3.73730894117872e-34,Beta,PRUNE2
1.65775568772682e-38,0.54957208269344,0.85,0.407,3.84980603360799e-34,Beta,PVRL3
1.8062795932817e-38,1.31010796711036,0.621,0.193,4.1947230994781e-34,Beta,DLK1
2.26330196729778e-38,0.751242296044543,0.965,0.827,5.25606615865564e-34,Beta,DHRS7
8.87916386145632e-38,0.782932448586504,0.653,0.216,2.062008223546e-33,Beta,TSPAN1
1.35018801740819e-37,0.85250799378068,0.962,0.863,3.13554163282705e-33,Beta,PLCXD3
1.21967186606281e-36,0.478940027514734,1,1,2.83244397455766e-32,Beta,GNAS
1.62527707648376e-36,0.613272543546658,0.815,0.433,3.77438095471824e-32,Beta,GLIS3
2.7802626320519e-36,0.985306807780499,0.815,0.488,6.45660391041414e-32,Beta,ANO5
4.47506013038129e-36,0.506838731461616,0.573,0.15,1.03924321407845e-31,Beta,WSCD2
1.40929467083925e-34,0.568708815129983,0.822,0.428,3.27280501408999e-30,Beta,SLC6A6
7.2202516563089e-34,0.500557802277233,0.631,0.225,1.67675904214462e-29,Beta,C8orf47
2.06876009736078e-33,0.812038462629861,0.742,0.343,4.80428157410094e-29,Beta,LDHB
4.75788688206101e-33,0.623725839356591,0.962,0.812,1.10492407062103e-28,Beta,GAD2
6.69546737754203e-33,0.769999229233479,0.994,0.968,1.55488838908659e-28,Beta,ENO1
8.13860849400185e-33,0.53103807027682,1,1,1.89002905056205e-28,Beta,HSP90AA1
1.33114161499031e-32,0.586230978030661,0.99,0.97,3.09131017249199e-28,Beta,EIF2S3
1.04204795042489e-31,0.762333298357404,0.586,0.199,2.41994795527172e-27,Beta,PRKCA
2.36696389570179e-31,0.554447531934061,0.997,0.981,5.49680025498827e-27,Beta,PEBP1
3.20463105265036e-31,0.610812084312529,0.981,0.938,7.44211469356994e-27,Beta,ARL6IP5
4.11513134745694e-31,0.668415338306515,0.997,0.985,9.55656952819926e-27,Beta,DPYSL2
5.39385117182204e-31,0.863238829365482,0.729,0.315,1.25261405763223e-26,Beta,RBP4
7.41639760358513e-31,0.740656614297177,0.529,0.167,1.72231001548057e-26,Beta,RGS16
8.06876081279117e-31,0.518076089129718,0.946,0.702,1.87380832355449e-26,Beta,ASAP1
1.58951346973932e-30,0.655263552284737,0.882,0.63,3.69132713077563e-26,Beta,CD24
1.81213744997141e-30,0.571946218013582,0.691,0.321,4.20832680006861e-26,Beta,CXADR
2.14832609736238e-30,0.747087450156282,0.952,0.752,4.98905769590466e-26,Beta,RRAGD
4.89427722738817e-30,1.08587474481057,0.621,0.266,1.13659800051636e-25,Beta,SLC25A34
1.54978381652459e-29,0.656505843200947,0.975,0.942,3.59906295711506e-25,Beta,EIF3E
1.6699850933695e-29,0.541362781354254,0.777,0.422,3.878206382332e-25,Beta,SIPA1L2
4.57116400448706e-29,0.805779381823443,0.857,0.597,1.06156141676203e-24,Beta,ROBO2
6.64789834468006e-29,0.588081411232239,0.997,0.985,1.54384143258505e-24,Beta,SERINC1
2.33816145558412e-28,0.544089953143974,1,0.974,5.42991234830299e-24,Beta,DNAJC3
2.94981443897465e-28,0.644345106772326,0.968,0.923,6.85035407163083e-24,Beta,TOB1
5.28811569677883e-28,0.582075741690415,0.952,0.923,1.22805910826295e-23,Beta,LIN7C
7.92258129093619e-28,0.538508654915922,0.955,0.792,1.83986105319411e-23,Beta,TRIM2
1.30015921634308e-27,0.690194483708802,0.892,0.649,3.01935974811354e-23,Beta,KCNK16
1.43180421167588e-27,0.704296205924181,0.975,0.897,3.32507892077489e-23,Beta,IGF1R
1.54344752315092e-27,0.569542820349458,1,0.979,3.58434818301339e-23,Beta,DST
1.68251125933431e-27,0.536270630070617,0.646,0.272,3.90729589755207e-23,Beta,MIR100HG
2.13253707487344e-27,0.699589093030331,0.787,0.507,4.95239084897859e-23,Beta,FAM159B
9.5171677031215e-27,0.497048171296513,0.997,0.961,2.21017185569591e-22,Beta,TMBIM4
1.46933565809342e-26,0.502074048364275,0.758,0.452,3.41223819879035e-22,Beta,MTUS2
1.70624921999386e-26,0.550864427631391,0.857,0.576,3.96242256359174e-22,Beta,PLEKHA6
1.88090915562202e-26,0.590489984600253,0.892,0.69,4.36803533210101e-22,Beta,NR3C1
3.10041024423965e-26,0.703848404526846,0.911,0.7,7.20008271019774e-22,Beta,PLCB4
6.16048773600833e-26,0.499638327077314,0.978,0.861,1.43065006693321e-21,Beta,MEIS2
9.72448021980886e-26,0.511621747613894,0.975,0.931,2.25831604144621e-21,Beta,ANP32E
1.03003241668699e-25,0.644495398081242,0.946,0.837,2.3920442812722e-21,Beta,PHACTR2
1.36164309355491e-25,0.572004876790259,0.965,0.931,3.16214375616256e-21,Beta,TMEM33
1.46011866708269e-25,0.651629280446844,0.987,0.968,3.39083358056613e-21,Beta,SCD
3.34438417556938e-25,0.594246979318458,0.863,0.615,7.76666337092477e-21,Beta,ELAVL4
3.40699530831136e-25,0.514357688715176,0.93,0.758,7.91206520449146e-21,Beta,APOL2
4.15399262387589e-25,0.591529137681061,0.968,0.923,9.64681707042699e-21,Beta,SURF4
5.43007205800416e-25,0.508895850930312,0.618,0.278,1.26102563403031e-20,Beta,RASSF6
1.14287181359944e-24,0.639738398767731,0.933,0.824,2.65409121272198e-20,Beta,KIAA0247
1.17088482280357e-24,0.704883789642046,0.844,0.623,2.71914582399672e-20,Beta,DNAJB9
2.2105345019578e-24,0.605739673074912,0.971,0.921,5.13352427389659e-20,Beta,BNIP3L
3.75734537656645e-24,0.629113320832024,0.783,0.51,8.72568316800027e-20,Beta,SOX4
4.59405507271699e-24,0.889931040138936,0.596,0.276,1.06687740953707e-19,Beta,EXPH5
4.72880326554276e-24,0.713981944447832,0.879,0.677,1.09816998235699e-19,Beta,LINC00263
5.90482346169704e-24,0.564792194068776,0.994,0.979,1.3712771525099e-19,Beta,DSP
6.8354187454367e-24,0.619917083638079,0.841,0.651,1.58738929525276e-19,Beta,RELL1
7.19692601853448e-24,0.560319731516562,0.984,0.944,1.67134212928426e-19,Beta,PAFAH1B2
1.16258708341119e-23,0.600682518076934,0.895,0.713,2.6998759838058e-19,Beta,MGAT4A
1.17445558184965e-23,0.581060548204755,0.959,0.848,2.72743819772944e-19,Beta,FAM76A
1.76245712500395e-23,0.562374457328555,0.965,0.872,4.09295418139667e-19,Beta,SRPRB
3.49245534573169e-23,0.651561569211281,0.959,0.934,8.11052904939271e-19,Beta,FXYD2
4.17631994872713e-23,0.521295606309425,1,0.991,9.69866781692901e-19,Beta,ATRX
3.41739710549217e-22,0.520922933724411,0.994,0.964,7.93622129808446e-18,Beta,PJA2
3.47025764430203e-22,0.729365488586383,0.917,0.833,8.05897932736261e-18,Beta,CNP
1.50211502004535e-21,0.565282897410866,1,0.996,3.48836171105132e-17,Beta,ALDOA
1.58924198789908e-21,0.511224873132918,0.79,0.533,3.69069666849803e-17,Beta,FAM105A
1.68538835416318e-21,0.567536577466576,0.787,0.527,3.91397737487316e-17,Beta,MYT1L
2.47575800336067e-21,0.480463704534888,0.64,0.33,5.74945281120449e-17,Beta,SUSD4
2.7593164299139e-21,0.4926863014001,0.965,0.897,6.40796054518904e-17,Beta,PRDX1
4.81889242795298e-21,0.645477414050973,0.863,0.771,1.11909138854352e-16,Beta,SEMA5A
6.39646638829261e-21,0.517714538168489,0.997,0.968,1.48545138935319e-16,Beta,ALCAM
8.35968015800749e-21,0.486021820495857,0.554,0.236,1.94136852309408e-16,Beta,MPP1
1.42512889280423e-20,0.530499309965903,0.395,0.113,3.30957682775926e-16,Beta,ESR1
1.5250561622174e-20,0.557304340238314,0.99,0.946,3.54163792551747e-16,Beta,RANBP2
1.7131067720696e-20,0.571877976183971,0.857,0.617,3.97834785677724e-16,Beta,KIAA1715
1.79789474380551e-20,0.548949280315818,0.844,0.683,4.17525096353954e-16,Beta,RAPH1
1.87816290513177e-20,0.672123117868699,0.745,0.493,4.3616577145875e-16,Beta,PPM1H
2.51295057529583e-20,0.647086663324723,0.968,0.944,5.83582512100951e-16,Beta,FXYD6-FXYD2
2.19838411021084e-19,0.693304773996998,0.85,0.64,5.10530741914264e-15,Beta,CDCP1
5.55861550588315e-19,0.509280712615213,0.933,0.872,1.29087727893124e-14,Beta,MRPL42
4.77980206319943e-18,0.612656449879724,0.959,0.88,1.1100134331368e-13,Beta,ATP6V1A
1.20488994889737e-17,0.575433361111601,0.777,0.636,2.79811592832436e-13,Beta,IGFBP5
1.98370744437068e-17,0.483590633945465,0.984,0.94,4.60676379806203e-13,Beta,VPS35
2.67207416577057e-17,0.615648169633445,0.908,0.764,6.20535783516899e-13,Beta,DCUN1D4
2.81402048765482e-17,0.522190768068429,0.914,0.754,6.53499977848079e-13,Beta,EFNA5
3.2031602191291e-17,0.640454056053032,0.847,0.76,7.43869897688351e-13,Beta,CCND2
4.66832144547424e-17,0.518532640722689,0.535,0.261,1.08412428928248e-12,Beta,RCBTB2
6.03153686385973e-17,0.652709642699928,0.42,0.163,1.40070380589414e-12,Beta,GRIA4
6.62277128163809e-17,0.580055975038799,0.78,0.57,1.53800617473481e-12,Beta,RNF6
8.74387549999716e-17,0.574691735823201,1,0.989,2.03059020736434e-12,Beta,FTH1
9.12630227191077e-17,0.485831634117952,0.965,0.852,2.11940117660584e-12,Beta,MLXIPL
1.4502216074702e-16,0.587924703708836,0.927,0.846,3.36784963902805e-12,Beta,CACUL1
1.74733663955016e-16,0.529512313136747,0.984,0.974,4.05783987802733e-12,Beta,CDC42BPA
1.95389262243728e-16,0.537852135394125,0.742,0.52,4.5375248370861e-12,Beta,VWDE
2.03981543822704e-16,0.590093340087606,0.519,0.263,4.73706339219466e-12,Beta,GPX2
2.05000271869547e-16,0.562651320402041,0.99,0.951,4.76072131362649e-12,Beta,GOLGB1
8.63170825798475e-16,0.628905762070143,0.946,0.805,2.0045416087518e-11,Beta,TXLNA
2.38912624992237e-15,0.571165293091527,0.987,0.983,5.54826789019473e-11,Beta,ACLY
1.01014665321334e-14,0.503438143988033,0.975,0.955,2.34586357275733e-10,Beta,PTPLAD1
1.33065359239561e-14,0.578566306140562,0.844,0.687,3.09017683762032e-10,Beta,SLC4A10
1.44820510095243e-14,0.522450167412683,0.92,0.814,3.36316670594183e-10,Beta,JKAMP
1.83720577057971e-14,0.55548783786921,0.92,0.805,4.26654296101726e-10,Beta,AP3B1
2.267259459383e-14,0.552571401681947,0.838,0.655,5.26525664252515e-10,Beta,NAV2
2.98091756408473e-14,0.506456192904737,0.994,0.921,6.92258485907396e-10,Beta,PFN2
6.18211263591064e-14,0.546269590168356,0.822,0.745,1.43567201743753e-09,Beta,RAB22A
2.84243755308698e-13,0.50761033754958,0.866,0.782,6.6009927295339e-09,Beta,RNF13
4.23464559993347e-13,0.526366961957553,0.933,0.859,9.83411747672549e-09,Beta,ACAT1
6.45184201337808e-13,0.48442827457995,0.873,0.749,1.49831127076679e-08,Beta,CD200
2.97219494112507e-12,0.486816237747128,0.879,0.764,6.90232831177475e-08,Beta,ENO2
3.36250937428318e-12,0.510768187012077,0.847,0.711,7.80875551989782e-08,Beta,PON2
4.25738040742858e-12,0.581313382508859,0.917,0.85,9.8869145201714e-08,Beta,UBE4A
6.08252655875857e-12,0.478427116070303,0.844,0.683,1.4125451427405e-07,Beta,PRKACB
6.69016782155159e-12,0.61796060134907,0.736,0.58,1.55365767319893e-07,Beta,HSD17B4
8.36921154673568e-12,0.509013394180285,0.694,0.503,1.94358199749843e-07,Beta,TTLL7
1.81476550097985e-11,0.506036416312212,0.755,0.604,4.2144299229255e-07,Beta,ADH5
2.24185378897317e-11,0.483176704842792,1,0.998,5.2062570541324e-07,Beta,PTPRN
2.41940432229524e-11,0.518653216608209,0.796,0.683,5.61858265766625e-07,Beta,CRBN
3.79690990139884e-11,0.530666405901344,0.994,0.953,8.81756386401852e-07,Beta,TTC37
3.95927282358689e-11,0.529788814992639,0.911,0.82,9.19461927821583e-07,Beta,MYCBP2
3.80004711267641e-10,0.502315432774092,0.873,0.762,8.82484940976843e-06,Beta,ST8SIA3
6.47782343384163e-10,0.508420393617262,0.564,0.383,1.50434493604104e-05,Beta,CDKN1A
7.58705482479506e-10,0.583280679050718,0.924,0.861,1.76194174196216e-05,Beta,SLC39A9
8.00824882069063e-10,0.495394677525456,0.959,0.936,1.85975562362899e-05,Beta,IQGAP1
1.45294032220016e-09,0.487287034967763,0.828,0.698,3.37416331024543e-05,Beta,RBFOX2
3.08704552611029e-09,0.480853253619995,0.924,0.891,7.16904582528592e-05,Beta,NBEA
3.15644295446081e-09,0.548044829900512,0.812,0.668,7.33020747314434e-05,Beta,FOCAD
5.92634349494074e-09,0.574308499639419,0.65,0.542,0.000137627474983009,Beta,TMCC1
8.51384863084146e-09,0.487475395118042,0.806,0.739,0.000197717106754031,Beta,EMC2
2.03364676681485e-08,0.50030193385052,0.748,0.67,0.000472273788657412,Beta,DIP2C
6.88076502652542e-08,1.45278917379901,0.354,0.201,0.00159792006211,Beta,SPP1
1.21631637625616e-07,0.500054452521321,0.787,0.732,0.00282465152057968,Beta,SNX13
2.03835349946609e-07,0.488925857057546,0.911,0.874,0.0047336683318101,Beta,CLK1
4.3806876278586e-07,0.484537547091924,0.898,0.85,0.010173270878176,Beta,PSMD1
2.88344238103276e-06,0.504916950803267,0.732,0.677,0.0669621824147238,Beta,CYP4V2
4.994685726264e-05,0.480897695119612,0.701,0.602,1,Beta,MADD
1.63918698000457e-12,0.560741767737261,0.864,0.472,3.80668392366462e-08,Multiple,PLCE1
1.67125241842818e-09,0.262118054108917,0.511,0.211,3.88114949131576e-05,Multiple,ZFP30
1.28843669581704e-07,0.289547971939978,0.682,0.418,0.00299213653869591,Multiple,EGFEM1P
3.98798585079391e-07,0.279175090997407,1,0.654,0.00926129954129869,Multiple,TM4SF4
2.87118326523739e-06,0.517483195830047,0.455,0.238,0.0666774889686078,Multiple,SPP1
7.49857621070844e-06,0.32262152577832,0.841,0.649,0.174139435341282,Multiple,SATB1
2.23026657745328e-05,0.290101697790928,1,0.983,0.517934807281976,Multiple,GCG
2.84975753934525e-05,0.281654569938578,0.602,0.355,0.661799193362147,Multiple,C1orf116
0.000100926712456154,0.258554829216368,0.977,0.889,1,Multiple,NEAT1
0.000109379492012773,0.292566825821148,1,0.996,1,Multiple,TTR
0.000219130107528186,0.635189041266618,0.375,0.199,1,Multiple,NPY
0.000314946000101943,0.259629667961832,0.5,0.319,1,Multiple,LEMD3
0.000590663922833178,0.27954020831943,0.705,0.58,1,Multiple,EPB41L4B
0.000884314061878158,0.270596935715267,0.386,0.232,1,Multiple,ULK2
0.00188158532348277,0.291758182168091,0.716,0.573,1,Multiple,WNK3
2.75335317686049e-98,1.48197465622189,1,0.994,6.39411208262312e-94,Alpha,TTR
3.4988956852537e-94,1.9526946552824,0.993,0.979,8.12548544986468e-90,Alpha,GCG
3.78701284540311e-80,1.33766087266506,0.977,0.338,8.79457993087964e-76,Alpha,GC
1.29768660342503e-77,1.32047672988227,0.947,0.312,3.01361759913394e-73,Alpha,FAP
8.10934251976787e-71,1.38984808002567,0.96,0.525,1.88323261336569e-66,Alpha,TM4SF4
9.78011559970611e-65,0.764649105262643,0.887,0.34,2.27123624571975e-60,Alpha,FXYD5
9.40361013063633e-63,0.410502061439588,0.834,0.219,2.18380038063767e-58,Alpha,IRX2
2.13189192117465e-60,0.720840234501197,0.867,0.315,4.95089260854388e-56,Alpha,PAPPA2
3.28385731761412e-59,1.11906982213371,0.794,0.217,7.62610184869528e-55,Alpha,LOXL4
2.15030703696456e-56,0.840940998625516,1,0.971,4.9936580319428e-52,Alpha,CLU
5.03573419244048e-56,1.04155374913332,0.997,0.917,1.16944855151045e-51,Alpha,GLS
7.10264512789658e-55,0.973497575626427,0.977,0.708,1.64944727805142e-50,Alpha,TMEM176B
5.37675368446342e-53,0.875816935457239,0.774,0.238,1.24864350814294e-48,Alpha,MUC13
1.87551161599469e-52,0.649710277265835,0.89,0.365,4.35550062582448e-48,Alpha,FXYD3
3.18419198387519e-52,0.347488808155886,0.754,0.2,7.39464904415336e-48,Alpha,F10
1.56175105807859e-47,0.443134996168606,0.781,0.235,3.6268544821759e-43,Alpha,SMOC1
1.85607211971014e-46,0.306510057725454,0.807,0.262,4.31035628360287e-42,Alpha,ARX
2.43017340717824e-46,0.633779045545206,0.674,0.165,5.64359170349003e-42,Alpha,DPP4
5.06875220392974e-45,0.643990669333234,0.93,0.498,1.1771163243186e-40,Alpha,TMEM176A
8.68278694059018e-45,0.746206968977823,0.937,0.617,2.01640361121326e-40,Alpha,SLC38A4
1.88388484745788e-42,0.770348798021875,0.987,0.833,4.37494578125144e-38,Alpha,GPX3
1.32437838853857e-41,1.05039807021032,0.827,0.404,3.07560393170313e-37,Alpha,LDHA
1.28772846955305e-40,1.28604619951059,0.897,0.64,2.99049182484305e-36,Alpha,PDK4
8.968176991066e-40,0.633148062270463,0.754,0.277,2.08267974263526e-35,Alpha,SH3RF1
2.05127601318524e-38,0.972443104237444,0.771,0.356,4.76367828542008e-34,Alpha,PLCE1
3.66099362141494e-38,0.273590828032924,0.558,0.121,8.50192548701192e-34,Alpha,LBH
2.04972886049755e-37,0.325212683046656,0.565,0.135,4.76008533273347e-33,Alpha,PPP2R2B
4.57689052581432e-36,0.700352763088652,0.648,0.225,1.06289128680986e-31,Alpha,VIM
1.48113320949914e-35,0.385637453401098,0.748,0.298,3.43963565241984e-31,Alpha,GPC6
3.58241322952355e-35,0.355702274348027,0.764,0.31,8.31943824292254e-31,Alpha,FSTL5
5.10966809426557e-35,0.60461046141981,0.668,0.254,1.18661822153129e-30,Alpha,NPNT
1.10948444612289e-34,0.388295630686528,0.787,0.346,2.57655572923118e-30,Alpha,C19orf77
1.76154141932542e-34,0.4487265268025,1,1,4.09082763809941e-30,Alpha,B2M
2.20040405980836e-34,0.834019124834383,0.924,0.596,5.10999834809295e-30,Alpha,RGS4
3.44178350557389e-34,0.570015077288838,0.917,0.615,7.99285383499424e-30,Alpha,CRYBA2
3.59688962562141e-34,0.425669348979559,0.588,0.171,8.35305677758059e-30,Alpha,PTPRT
4.14873593580992e-34,0.703158148251376,0.997,0.938,9.63460946373138e-30,Alpha,ELL2
6.2285159872115e-34,0.780117459982336,0.987,0.967,1.44644826771013e-29,Alpha,ALDH1A1
1.54536252004445e-33,0.453841949051572,0.841,0.446,3.58879538029922e-29,Alpha,HMGB3
3.7556982736422e-33,0.696134094487397,0.704,0.279,8.72185810087927e-29,Alpha,ARRDC4
6.65679436472755e-32,1.15955837171929,0.741,0.352,1.54590735532068e-27,Alpha,SERPINA1
7.13294964666782e-32,0.450134813151937,0.777,0.367,1.65648489644567e-27,Alpha,MYO10
9.5771467772492e-32,0.532033559196958,0.887,0.506,2.22410079608058e-27,Alpha,KCTD12
3.45174132376139e-31,0.451593665551673,0.561,0.16,8.01597887617107e-27,Alpha,APOH
4.50905679692072e-31,0.471671557745553,0.605,0.2,1.0471382599489e-26,Alpha,SPTSSB
2.13932330223897e-30,0.454998864529097,0.757,0.346,4.96815050478955e-26,Alpha,SERPINE2
4.27030640450001e-30,0.673595986831107,1,1,9.91693256317038e-26,Alpha,CHGB
7.98955616860527e-30,0.278645058109985,0.728,0.312,1.8554146290352e-25,Alpha,PLIN3
1.0333615662995e-29,0.272195414590771,0.827,0.398,2.39977556541733e-25,Alpha,S100A10
9.58633109369225e-29,0.311213608597029,0.475,0.115,2.22623366988815e-24,Alpha,SPOCK3
1.63144848254769e-28,0.684749122813757,0.98,0.788,3.7887128110205e-24,Alpha,PALLD
1.14977218499572e-27,0.582005454085044,0.571,0.196,2.67011594521556e-23,Alpha,TMEM45B
2.34863401453951e-27,0.398453297913775,0.568,0.194,5.45423277196511e-23,Alpha,MBOAT4
2.36440657132948e-27,0.32587278814496,0.631,0.258,5.49086138059845e-23,Alpha,SPC25
6.16808025738596e-27,0.421803729051222,0.455,0.125,1.43241327817274e-22,Alpha,CD36
8.72815118707306e-27,0.311260491114665,0.694,0.288,2.02693855017398e-22,Alpha,TJP2
1.33203878630289e-26,0.377524383171504,0.664,0.3,3.09339367343121e-22,Alpha,FAM84A
1.46477824964131e-26,0.266454865720307,0.85,0.452,3.40165452914201e-22,Alpha,SPATS2L
8.81069931328749e-26,0.358225898492076,0.542,0.188,2.04610870152475e-21,Alpha,GPR119
1.44859827667067e-25,0.330340858174786,0.641,0.277,3.36407977791229e-21,Alpha,NEDD9
3.86613742880401e-24,0.558250297512243,0.96,0.962,8.97833095091156e-20,Alpha,PCSK2
2.81835043382166e-23,0.421713328605368,0.545,0.204,6.54505521246404e-19,Alpha,SPINK1
2.87651406842703e-23,0.391735957357249,0.701,0.35,6.68012862110809e-19,Alpha,ANXA4
3.51048100107246e-23,0.653462775888014,0.495,0.185,8.15239002879057e-19,Alpha,KBTBD10
4.16902836836273e-23,0.251147067458751,0.648,0.273,9.68173457984877e-19,Alpha,SLC7A14
2.01450656880258e-22,0.376822889427553,0.714,0.375,4.67828860473022e-18,Alpha,ITPR1
2.78064165554107e-22,0.433455462885644,0.449,0.154,6.45748411666303e-18,Alpha,PRSS3
4.39580270809363e-22,0.395095136515652,0.997,0.983,1.02083726290058e-17,Alpha,CYSTM1
4.08419679260174e-21,0.326964275605472,0.924,0.638,9.48473021145903e-17,Alpha,A1CF
6.07473617536776e-21,0.362559507046304,0.884,0.625,1.41073598200565e-16,Alpha,SSX2IP
7.03992866691648e-21,0.274477996871558,0.455,0.156,1.63488263431801e-16,Alpha,SORBS1
7.13567190438748e-21,0.288581269796658,0.581,0.256,1.6571170863559e-16,Alpha,MLIP
9.24914328276085e-21,0.283545176684293,0.512,0.194,2.14792854455555e-16,Alpha,RNASE4
1.8111290112128e-20,0.502933103453001,0.409,0.129,4.20598490273948e-16,Alpha,TM4SF1
3.97622186230773e-20,0.487794117898025,0.532,0.212,9.23398003083725e-16,Alpha,MMP16
6.91733779124741e-20,0.297536426326624,0.359,0.092,1.60641335526139e-15,Alpha,BTBD11
1.41477487741325e-19,0.441503327105441,0.694,0.383,3.2855316978168e-15,Alpha,TXNIP
1.81581741910911e-19,0.277777158746077,0.412,0.133,4.21687279239709e-15,Alpha,PPP1R3B
5.5399492869178e-18,0.436296892873353,0.99,0.915,1.28654242290092e-13,Alpha,SLC7A2
5.70363570445519e-18,0.421626178280322,0.99,0.969,1.32455531964563e-13,Alpha,NAA20
9.55472556486844e-18,0.372261957427523,0.864,0.662,2.2188939179294e-13,Alpha,PDE3B
3.46656477568144e-16,0.350393800191423,0.96,0.896,8.050403378565e-12,Alpha,BRP44
1.71728633128921e-15,0.435460815347607,0.561,0.279,3.98805404715294e-11,Alpha,MAOA
2.56134902803468e-15,0.354321202563088,0.99,0.915,5.94822084780493e-11,Alpha,EZR
7.00841489496791e-15,0.282074672812332,0.402,0.158,1.6275641910584e-10,Alpha,IL1R1
8.97097184701538e-14,0.267636491114517,0.814,0.55,2.08332879203238e-09,Alpha,P4HA2
1.03442371344165e-13,0.291477236965844,0.684,0.421,2.40224218972555e-09,Alpha,CAMK2G
1.29053833085493e-13,0.288131471695082,0.834,0.571,2.99701716574442e-09,Alpha,CPNE8
1.32998499167048e-13,0.447706972529757,0.694,0.46,3.08862414615635e-09,Alpha,SLC40A1
3.85433538636368e-13,0.321897347569652,0.957,0.817,8.95092306775238e-09,Alpha,HIGD1A
6.32416322285756e-13,0.313738834625957,0.628,0.377,1.46866042524421e-08,Alpha,ASXL3
9.1873853799177e-13,0.379763708041526,0.468,0.227,2.13358650677829e-08,Alpha,SEMA3E
1.31551926880096e-12,0.327991741816697,0.429,0.196,3.05503039793647e-08,Alpha,LMCD1
2.08113329312825e-12,0.343886003125532,0.907,0.781,4.83301584663173e-08,Alpha,KCNQ1OT1
2.59389754013258e-12,0.319535491397777,0.983,0.96,6.0238082574499e-08,Alpha,SPINT2
4.19088680896875e-12,0.351643847146465,0.728,0.502,9.73249643646813e-08,Alpha,ELF3
9.95801137087067e-12,0.304244822396623,0.924,0.812,2.3125489806573e-07,Alpha,PTP4A1
1.34058414105338e-11,0.313872800754851,0.957,0.802,3.11323855076825e-07,Alpha,LRRFIP1
2.42890041266858e-11,0.328409374060584,0.99,0.958,5.64063542834023e-07,Alpha,ITGB1
3.54025604524718e-11,0.418163680394162,0.987,0.973,8.22153661387754e-07,Alpha,KIAA1244
2.64312138759944e-10,0.44570803241184,0.867,0.706,6.13812079842218e-06,Alpha,RAP2B
3.33823217852474e-10,0.442857090651981,0.801,0.638,7.752376588188e-06,Alpha,CD99L2
7.9251280145653e-10,0.281116357297967,0.385,0.192,1.8404524788225e-05,Alpha,PLS3
7.94393670843011e-10,0.426617724959563,0.728,0.546,1.84482042179872e-05,Alpha,ENPP1
1.52902048216576e-09,0.269845732667939,0.598,0.404,3.55084426573354e-05,Alpha,IFI30
3.30620710893425e-09,0.417417019990108,0.339,0.167,7.678004769078e-05,Alpha,NNMT
5.43221736136656e-08,0.386834981342309,0.754,0.581,0.00126152383783016,Alpha,IVNS1ABP
1.54081322589535e-06,0.273365299064259,0.339,0.19,0.0357823055449676,Alpha,CP
2.04553090832978e-06,0.286389501071503,0.645,0.492,0.0475033642841426,Alpha,CD44
5.13602954719067e-06,0.388353534831528,0.439,0.277,0.119274014174409,Alpha,AGT
5.29241438532677e-06,0.284779318479781,0.568,0.45,0.122905739270444,Alpha,MACC1
9.31156073085655e-06,0.275663279780063,0.276,0.152,0.216242374852682,Alpha,TGM2
2.65506658224769e-05,0.250743763271308,0.904,0.821,0.616586112395382,Alpha,RAB3GAP2
4.12443978518158e-05,0.26741306550022,0.797,0.723,0.957818651312719,Alpha,C10orf10
0.000134412425696162,0.267371180191293,0.93,0.89,1,Alpha,RFX6
0.000692208716248858,0.40548182717522,0.478,0.567,1,Alpha,METTL9
9.79898150580206e-93,0.685745136180064,0.824,0.019,2.27561747509241e-88,Delta,HHEX
1.1963455539436e-63,1.43191434560001,0.853,0.052,2.77827327992323e-59,Delta,BCHE
2.87776903652722e-57,0.636168467138821,0.676,0.031,6.68304303352717e-53,Delta,LRFN5
5.0070075862759e-51,0.575514075321375,0.529,0.017,1.16277737176085e-46,Delta,FRZB
6.60862686508388e-48,0.987360195315557,0.706,0.048,1.53472141687843e-43,Delta,SLC38A1
9.72060869816489e-34,0.737394714718026,0.618,0.058,2.25741695797483e-29,Delta,ERBB4
5.00994885670792e-33,0.5697729189111,0.294,0.007,1.16346042299328e-28,Delta,ARMC4
9.32329926062144e-32,0.46334268756681,0.382,0.017,2.16514978729412e-27,Delta,GHSR
3.90811944214943e-28,0.71810566672147,0.559,0.054,9.07582578050362e-24,Delta,ST8SIA4
2.22716169521808e-26,4.74864390905305,1,0.45,5.17213760480494e-22,Delta,SST
5.8114297158471e-26,0.377376643604801,0.471,0.04,1.34958832291117e-21,Delta,AMIGO2
9.75102026872265e-26,0.647886163855446,0.5,0.048,2.26447943700546e-21,Delta,ABI3BP
1.78400596279459e-24,1.04965978485027,0.853,0.191,4.14299704739788e-20,Delta,CD9
1.50191147863798e-23,0.880081540549774,0.765,0.149,3.48788902684099e-19,Delta,MS4A8B
4.37747881663133e-23,0.435892099421127,0.706,0.114,1.01658190558629e-18,Delta,GPC5-AS1
1.3266997871737e-21,0.474214159341711,0.588,0.084,3.08099491575349e-17,Delta,KCNT2
3.28054021364419e-21,1.59112064301421,0.971,0.493,7.6183985381459e-17,Delta,LEPR
5.8642208385171e-20,0.312458964308454,0.5,0.066,1.36184800532883e-15,Delta,FHOD3
1.39195352583644e-19,0.340137721620761,0.471,0.056,3.23253367304998e-15,Delta,FAM177B
2.27399053062315e-18,0.711743241994006,0.471,0.063,5.28088820926614e-14,Delta,ITGA6
3.02481511219967e-18,1.63678306390891,1,0.458,7.0245281350613e-14,Delta,RBP4
8.58507580277913e-18,0.583886253712357,0.618,0.12,1.9937121536794e-13,Delta,LPHN2
2.6822466298914e-17,0.709969445500327,0.441,0.06,6.22898134859679e-13,Delta,F5
6.74681541542282e-16,1.0026169407712,0.971,0.436,1.56681294392364e-11,Delta,AKAP12
1.14501827034041e-15,0.701564605804949,0.618,0.134,2.65907592921153e-11,Delta,SLC4A4
3.71051152488864e-15,1.0151746355733,1,0.98,8.6169209142489e-11,Delta,SEC11C
4.50837242243179e-15,0.822304211379193,0.735,0.193,1.04697932766134e-10,Delta,DPYSL3
6.54373980049625e-15,0.683119025891288,0.5,0.086,1.51965269386925e-10,Delta,CALB1
8.52766722869763e-15,0.7269769205012,0.529,0.104,1.98038016052045e-10,Delta,MLPH
1.11312297536331e-13,0.668840405654979,0.382,0.058,2.58500548568622e-09,Delta,PPFIA2
1.48682621270735e-13,0.373261410627316,0.471,0.09,3.45285651377029e-09,Delta,ANK1
4.93270934893454e-13,0.443195912784141,0.824,0.282,1.14552309210307e-08,Delta,O3FAR1
1.88769175595868e-11,0.486807618404246,0.441,0.087,4.38378656486284e-07,Delta,SLITRK6
1.9670119474592e-11,1.59752026984484,0.882,0.545,4.56799184558451e-07,Delta,RGS2
2.30831244024677e-11,0.448394119980717,0.824,0.336,5.36059397998507e-07,Delta,ODZ3
2.555228998263e-11,0.329812134175922,0.647,0.206,5.93400830266617e-07,Delta,TFPI
2.25910740604713e-10,0.967108444272549,0.882,0.481,5.24632512906325e-06,Delta,EHF
7.7703239602484e-10,0.575791446286112,0.618,0.225,1.80450233328849e-05,Delta,LRCH2
2.91511804785247e-09,0.409708676394165,0.5,0.142,6.76977864252779e-05,Delta,AQP3
3.61686878307815e-09,0.66769765861641,0.588,0.201,8.39945437494238e-05,Delta,ANK3
4.15595217072522e-09,0.347585187107175,1,0.598,9.65136772607518e-05,Delta,BAIAP3
5.74859062657252e-09,0.500448052332169,0.882,0.463,0.000133499520120894,Delta,NCOA7
6.86263822540068e-09,1.40797475969343,0.765,0.503,0.00015937104750848,Delta,PRG4
7.11537519182401e-08,0.835466755142862,1,0.849,0.00165240358079729,Delta,PCSK1
8.40215732250686e-08,0.741968665639343,0.676,0.29,0.00195123299500577,Delta,DUSP10
1.22382649707942e-07,0.559184897209951,1,0.996,0.00284209227416755,Delta,H3F3B
2.03041541777914e-07,0.679888581425828,0.824,0.494,0.0047152337247085,Delta,MTUS1
2.23072974191426e-07,0.713966187466927,0.824,0.455,0.00518042367964748,Delta,TPPP3
2.37647035276906e-07,0.392617481773815,0.412,0.114,0.00551887710023559,Delta,FILIP1L
2.48361910035439e-07,0.415847018054618,0.324,0.076,0.00576770863675299,Delta,GABRG2
2.49849695064444e-07,0.451967060296527,0.941,0.576,0.00580225946848157,Delta,PKIB
2.82277488166922e-07,0.716693487603236,0.971,0.722,0.00655533010770043,Delta,GABRB3
3.89210352483933e-07,0.835414299955398,0.382,0.112,0.00903863201573438,Delta,CPB1
3.94929848862492e-07,0.493362800662952,0.912,0.715,0.00917145588013364,Delta,PCP4
5.20215692632183e-07,0.755605011151863,0.794,0.526,0.0120809690299972,Delta,EXOC6
5.27010635487408e-07,0.6378896157549,0.618,0.282,0.0122387679879241,Delta,EYS
5.67210512708794e-07,0.674352779119641,0.853,0.585,0.0131723297366363,Delta,GAS2
7.99162097345207e-07,0.676400316013017,1,0.747,0.0185589413866477,Delta,PSIP1
8.72221928935502e-07,0.414732811890776,0.882,0.582,0.0202556098556692,Delta,MDK
9.02673850238353e-07,0.696298377265318,0.971,0.92,0.0209627948240853,Delta,ISL1
1.12373190492989e-06,0.387601273693978,1,0.928,0.0260964260281868,Delta,TMSB4X
1.24972689563504e-06,0.480429638707397,0.294,0.07,0.0290224076973325,Delta,ECEL1
1.28118697627784e-06,0.578493451700107,0.941,0.643,0.0297530051501003,Delta,DYNC2H1
1.3656760705269e-06,0.518077229000278,0.382,0.112,0.0317150953858461,Delta,AMOTL1
1.50043224882684e-06,0.675837894996486,0.853,0.673,0.0348445381145057,Delta,ETV1
3.75827994458588e-06,0.715142635866634,0.912,0.767,0.0872785351531178,Delta,MEIS1
4.26542358136235e-06,0.401796449059926,0.647,0.311,0.0990559318299777,Delta,C22orf42
5.31935398958184e-06,0.59330751748592,0.706,0.356,0.123531357700059,Delta,UCP2
8.32551903538051e-06,0.486518160666475,1,0.996,0.193343528558642,Delta,IDS
8.97296689365605e-06,0.705434631844949,0.853,0.665,0.208379210171374,Delta,ABCC9
9.63551538034744e-06,0.576581398529058,0.706,0.379,0.223765573677809,Delta,PON3
1.20188734521543e-05,0.682413377632569,0.676,0.368,0.27911429817938,Delta,KCNJ2
1.22494835273936e-05,0.431804276566299,0.441,0.159,0.284469755956662,Delta,ST6GAL1
1.30335715172571e-05,0.52459061461315,0.971,0.9,0.302678631345262,Delta,S100A6
1.47750867714949e-05,0.392422796813894,0.853,0.486,0.343121840094426,Delta,SERPINA1
1.63189652245492e-05,0.396530137191588,0.618,0.286,0.378975329409707,Delta,KCNJ8
2.00946293551626e-05,0.3110238846234,0.382,0.135,0.466657577514941,Delta,DUSP6
2.07708446295673e-05,0.369587139021194,0.618,0.307,0.482361324832441,Delta,KIAA1217
2.1251974100535e-05,0.589421251368744,0.794,0.557,0.493534594536724,Delta,SIPA1L1
3.79375591606369e-05,0.492481965410793,0.941,0.827,0.881023936387471,Delta,SPAG16
5.50691041098202e-05,0.69486841970101,0.706,0.447,1,Delta,JAM3
5.53081449498152e-05,0.389616937763657,0.941,0.805,1,Delta,VMP1
5.53489974009732e-05,0.338559035157153,0.706,0.415,1,Delta,PLXNC1
5.78790143825732e-05,0.535832283136499,0.824,0.588,1,Delta,APOL6
5.94274716864671e-05,0.39944866493121,0.824,0.475,1,Delta,SLC4A8
6.1810213270128e-05,0.354952423067731,1,0.89,1,Delta,CADM1
7.42092607727946e-05,0.319766850295427,0.794,0.426,1,Delta,CDH10
8.23592364838129e-05,0.434211531362535,0.471,0.21,1,Delta,DHCR24
8.28869755699384e-05,0.445672719098354,0.882,0.767,1,Delta,NCAM1
8.48022732279176e-05,0.557469015377158,1,0.999,1,Delta,RTN4
8.58241941979928e-05,0.309862794912063,0.765,0.498,1,Delta,PWWP2A
0.000100054470866248,0.375025042108615,0.265,0.079,1,Delta,HENMT1
0.0001035574560104,0.812324617136653,0.735,0.502,1,Delta,STXBP5L
0.000109366301645205,0.374396363498252,0.853,0.538,1,Delta,GPR98
0.000119070034943034,0.625200147459957,1,0.977,1,Delta,KIAA1244
0.000120230150429372,0.440194494745465,0.676,0.451,1,Delta,MCC
0.000121046923703596,0.554451210700095,0.971,0.948,1,Delta,EGR1
0.000125752685502822,0.340401985746277,0.706,0.435,1,Delta,SPATA13
0.000144927618797047,0.530584679788217,0.912,0.775,1,Delta,NOL4
0.000149934093174114,0.478277760046426,0.824,0.659,1,Delta,C7orf41
0.000150242179349111,0.454419613092771,0.735,0.491,1,Delta,AGPAT6
0.000160536956223613,0.951315166672819,1,0.984,1,Delta,MDM4
0.000176017832008998,0.339139156036728,0.382,0.151,1,Delta,NTRK2
0.000196613264101124,0.642355304186638,0.941,0.739,1,Delta,PRKACB
0.000252780045874252,0.313043102668774,0.294,0.104,1,Delta,WDR96
0.000257255057352466,0.46564397552296,0.471,0.234,1,Delta,RAB30
0.000275152094549722,0.51341624862728,0.941,0.778,1,Delta,PCNT
0.000285286647853854,0.592520323359253,0.941,0.916,1,Delta,NPEPPS
0.000338861165652114,0.506463630985966,0.912,0.803,1,Delta,KPNA1
0.00034704519117704,0.363261976437967,0.794,0.576,1,Delta,PVRL3
0.000350052717360018,0.565744939853094,0.912,0.743,1,Delta,BUB3
0.000386483262213839,0.311621733043445,0.882,0.671,1,Delta,GNG12
0.000444129787303865,0.745921491183299,0.471,0.224,1,Delta,EPB41L2
0.000503866675262622,0.327721681849793,0.588,0.332,1,Delta,PER1
0.00053533205709716,0.754449970193849,0.912,0.782,1,Delta,HEPACAM2
0.000556364649082175,0.431455043421119,0.765,0.614,1,Delta,ATP10D
0.000558903296093915,0.416570527343918,0.971,0.818,1,Delta,RICTOR
0.000567105543099482,0.488782226737517,0.588,0.331,1,Delta,MRAP2
0.000569219689686308,0.349672604855325,0.765,0.593,1,Delta,NUP88
0.000590100435352632,0.396845221462017,0.647,0.402,1,Delta,STK33
0.000602842335270836,0.404674634091478,0.324,0.123,1,Delta,THSD7A
0.000639475255022975,0.432806535518642,0.941,0.849,1,Delta,LEPROT
0.000658802135787832,0.330859375051287,0.676,0.426,1,Delta,CDK14
0.000660188861921342,0.461612448852717,1,0.822,1,Delta,SYNE2
0.000664818537584887,0.346060875769229,0.824,0.582,1,Delta,CCDC152
0.000673666991297064,0.71274592515427,0.853,0.72,1,Delta,VWA5A
0.000698024192925206,0.335811871957829,0.941,0.655,1,Delta,TIMP2
0.000743754882721463,0.321971533026778,0.941,0.805,1,Delta,MEA1
0.000777499232425247,0.423081956524365,0.912,0.842,1,Delta,GPBP1L1
0.000783299207561349,0.337684927733654,0.941,0.861,1,Delta,SPTBN1
0.000789082423130618,0.361050682096482,0.824,0.726,1,Delta,RBP1
0.000872128275659648,0.578749847342269,0.971,0.934,1,Delta,FOXP1
0.000893652352227285,0.546996744793215,0.971,0.902,1,Delta,RFX6
0.000961116577389952,0.477829030560092,0.853,0.602,1,Delta,TCF7L2
0.000993902993765686,0.778449870027562,1,0.989,1,Delta,GOLGA4
0.00103318136351335,0.311264925248971,0.412,0.19,1,Delta,RPGRIP1L
0.0010619039371598,0.519244070674432,1,0.993,1,Delta,MAP1B
0.00111541882490136,0.381159422731365,0.882,0.731,1,Delta,RNPC3
0.00114342058747914,0.50792637063403,0.853,0.675,1,Delta,TTN
0.00131103020266148,0.564799814211978,0.706,0.546,1,Delta,DHX8
0.00140152651527339,0.656865186194997,0.5,0.296,1,Delta,SSTR1
0.00146620585044618,0.343160033625648,0.676,0.422,1,Delta,ORC2
0.00149921070561451,0.424225682432745,0.676,0.461,1,Delta,CXADR
0.0015271638438588,0.470906865271794,0.706,0.497,1,Delta,LRRC42
0.00172724527574147,0.45113856198105,0.971,0.878,1,Delta,TMOD1
0.00180219850319914,0.434142327242161,0.941,0.874,1,Delta,TSTD2
0.00205433809238214,0.86348023788203,0.853,0.715,1,Delta,ZNF655
0.00205468365821892,0.535546784191901,0.941,0.803,1,Delta,ATM
0.00212218947739144,0.334141694499031,0.382,0.19,1,Delta,PLEKHB1
0.00217032061831741,0.325171138573499,0.765,0.535,1,Delta,CABP7
0.00221378037263878,0.370455612791162,0.765,0.526,1,Delta,N4BP2
0.0022170752010427,0.512334326028332,0.765,0.546,1,Delta,EZH1
0.00222277522378804,0.881071874273442,0.941,0.933,1,Delta,EMC10
0.0022351224250458,0.613064608749214,0.559,0.355,1,Delta,C2orf63
0.00231330642785285,0.320342376190256,0.618,0.392,1,Delta,DIRAS3
0.00234685175335631,0.716184176176645,0.794,0.714,1,Delta,C14orf43
0.00241510887401254,0.504056772156521,0.971,0.936,1,Delta,TPR
0.00241719231666885,0.406126053535728,1,0.956,1,Delta,PHIP
0.00255929545415458,0.367384589431834,0.559,0.379,1,Delta,SVOP
0.00259646316437669,0.68937432773095,0.471,0.265,1,Delta,AASS
0.00268184433909379,0.328133028177002,0.353,0.155,1,Delta,C2orf55
0.00271672482128531,0.411482899034299,0.706,0.501,1,Delta,PARP8
0.00295519815550264,0.32627502383456,0.941,0.889,1,Delta,BEX4
0.003003927527076,0.320461471330575,1,0.991,1,Delta,SEPT7
0.00315523207338188,0.337245728185631,0.971,0.977,1,Delta,TPD52
0.00316308709942895,0.456960128045562,0.941,0.888,1,Delta,SMARCC2
0.003239251987966,0.310971016733314,0.824,0.647,1,Delta,AKAP13
0.00326299174429056,0.334507997444784,0.794,0.669,1,Delta,DECR1
0.00326981900025632,0.312166766333247,0.941,0.667,1,Delta,HADH
0.0033447772890157,0.449745675123226,0.853,0.735,1,Delta,SEC23B
0.0034741938375875,0.465805516642368,0.735,0.584,1,Delta,MAP6
0.00374291433870103,0.606254587020515,0.471,0.274,1,Delta,RAPGEF4
0.00416941750500281,0.431606687997532,0.529,0.325,1,Delta,KRBA2
0.00424943092543646,0.501691977772257,0.706,0.553,1,Delta,FAM214A
0.00436029305073916,0.357489416451879,0.765,0.625,1,Delta,UBR1
0.00443596304086712,0.346651509123865,1,0.961,1,Delta,FOS
0.004499736810191,0.502147515644001,0.882,0.826,1,Delta,CCNL1
0.00459729087686154,0.667439571656648,0.706,0.51,1,Delta,EDN3
0.00526576963642519,0.385627864981494,0.941,0.799,1,Delta,ZMIZ1
0.00533946257749385,0.397582809117336,0.735,0.533,1,Delta,USH1C
0.00537492901457449,0.377594690447381,0.559,0.38,1,Delta,VIM
0.00537961713807452,0.330054340004113,0.824,0.687,1,Delta,RAB33B
0.00541647935203188,0.483702457752195,0.853,0.699,1,Delta,PCF11
0.00541702906678998,0.383229092210964,0.353,0.171,1,Delta,F11
0.00546985576581314,0.341622352800189,1,0.937,1,Delta,ABCA5
0.00589292420954157,0.444906397146818,0.971,0.9,1,Delta,REV3L
0.006145994963936,0.394436917763355,0.853,0.675,1,Delta,CAND1
0.00632084700634432,0.341691021943687,0.265,0.112,1,Delta,AGPAT4
0.00657170657129221,0.509785836631126,0.529,0.331,1,Delta,TGFBR1
0.00657928156283059,0.386613959746176,0.794,0.648,1,Delta,USP24
0.00686194328827193,0.337595346874863,0.735,0.618,1,Delta,MEST
0.00693815836811457,0.400359405328724,0.529,0.329,1,Delta,MBOAT4
0.00703756891327494,0.851905630113197,0.765,0.616,1,Delta,LOC100507577
0.00786201989996309,0.435688463853642,0.912,0.767,1,Delta,RUNX1T1
0.00804282138443251,0.574382562343961,0.706,0.588,1,Delta,EPHX2
0.00806298077097536,0.45395963012603,0.471,0.313,1,Delta,SPATA6L
0.00823658451068373,0.406131024296275,0.824,0.628,1,Delta,ZMYM4
0.0087561090994974,0.47179035636874,0.853,0.809,1,Delta,FLJ43390
0.00902405204550807,0.527972242622114,0.941,0.829,1,Delta,KAT6B
0.00920025781602719,0.436044627137633,0.765,0.667,1,Delta,FGF12
2.1350621326932e-59,0.812977535580806,0.818,0.06,4.95825479075342e-55,PP,SLITRK6
5.18303910174754e-46,1.12220328592425,0.818,0.099,1.20365717059883e-41,PP,GPC5-AS1
5.89072170366574e-46,0.878400824802352,0.818,0.091,1.36800230124229e-41,PP,THSD7A
1.86327188366026e-40,4.36784225890689,0.886,0.175,4.32707629542423e-36,PP,PPY
1.63935383550203e-39,0.738617448429562,0.5,0.031,3.80707141218636e-35,PP,CNTNAP5
2.46999841363628e-38,0.636127528475304,0.659,0.066,5.73607731598754e-34,PP,CHN2
2.20814189076633e-37,0.952804605879021,0.659,0.071,5.12796791292664e-33,PP,CALB1
6.03872428301681e-35,0.766666134795447,0.523,0.043,1.40237294024499e-30,PP,LMO3
2.78924282017717e-28,0.454469079028627,0.273,0.009,6.47745860129743e-24,PP,CARTPT
4.01097219015319e-28,0.639715905173133,0.659,0.1,9.31468071719276e-24,PP,SPOCK1
1.19945566198163e-26,0.755963817696845,0.364,0.024,2.78549588381995e-22,PP,FGB
1.62612691040103e-25,0.416599089219718,0.682,0.123,3.77635452402431e-21,PP,SLC4A4
1.10704275244113e-23,0.785428484480655,0.795,0.182,2.57088538399404e-19,PP,DPYSL3
2.82457125912412e-23,0.415848865835726,0.477,0.061,6.55950183506393e-19,PP,CACNA2D3
6.74587438248562e-23,0.386882208075938,0.659,0.122,1.56659440784464e-18,PP,SERTM1
1.18807047466506e-22,0.366903983960368,0.386,0.038,2.75905606331467e-18,PP,ARAP2
1.58597279917516e-22,0.379604171529212,0.477,0.065,3.68310463152447e-18,PP,TMEM47
3.21499844209498e-21,0.838407373222795,0.591,0.104,7.46619088207718e-17,PP,GCNT3
2.23581862156352e-20,0.30445563123554,0.386,0.043,5.19224158485696e-16,PP,IL1RAP
2.82159237058588e-20,0.502741190477431,0.545,0.099,6.5525839622116e-16,PP,AMOTL1
4.43970569262829e-20,0.46917510645875,0.341,0.033,1.03103285299907e-15,PP,CDH17
2.33400557841462e-19,1.05296806268288,0.886,0.286,5.42026115475226e-15,PP,SEMA3E
3.04028099781576e-18,0.980967989799639,0.682,0.178,7.06044456122753e-14,PP,SLC6A4
6.1153548927049e-16,0.293879804562572,0.273,0.027,1.42016886673286e-11,PP,PRICKLE1
1.08651748342501e-15,0.321770575466137,0.318,0.039,2.52321955175789e-11,PP,SHISA6
6.23016236573499e-15,1.04190041084924,0.886,0.434,1.44683060619464e-10,PP,AKAP12
6.45182945460257e-15,0.547135122317111,0.955,0.444,1.49830835424236e-10,PP,ARX
8.58577927041168e-15,0.382129588800537,0.523,0.119,1.99387551996771e-10,PP,LPHN2
7.35566615386434e-13,1.123756270337,0.955,0.665,1.70820635091192e-08,PP,ETV1
1.71959796712034e-12,0.749319260633657,0.909,0.475,3.99342235904356e-08,PP,ACSL1
1.75647120523213e-12,0.464696203047931,0.364,0.065,4.07905307991057e-08,PP,SYNPO2
1.86268149583784e-12,1.34574251561573,0.955,0.7,4.32570523778422e-08,PP,ID2
4.9226388542731e-12,0.753642945292826,1,0.654,1.14318442112784e-07,PP,ABCC9
5.76823661973049e-12,0.382075869946133,0.682,0.258,1.33955759020001e-07,PP,TUBB2A
1.01127555928441e-11,0.314230239272427,0.318,0.054,2.34848523132618e-07,PP,PIK3C2G
2.74907748148757e-11,0.347252983524722,0.318,0.054,6.38418263525858e-07,PP,TNFRSF11B
3.13231056518732e-11,0.520437155887634,0.409,0.088,7.27416482553451e-07,PP,KCNT2
4.55843539661813e-11,0.368417609896702,0.727,0.275,1.05860545215663e-06,PP,PDE3A
4.9606704353014e-11,0.512393911645784,0.545,0.153,1.15201649519004e-06,PP,MS4A8B
9.16713314405246e-11,0.660276678180394,0.932,0.541,2.1288833300433e-06,PP,S100A10
1.19821824558892e-10,0.327706081732841,0.886,0.41,2.78262223173116e-06,PP,ABCB1
1.57140228511074e-10,0.906643974567841,1,0.894,3.64926752671267e-06,PP,STMN2
1.75552116074345e-10,0.668209347065797,1,0.991,4.07684679159451e-06,PP,SCG2
1.86724040815055e-10,0.756946786543596,0.727,0.342,4.33629239984802e-06,PP,PXK
2.84493336287446e-10,0.711162101417149,0.773,0.38,6.60678874860336e-06,PP,DIRAS3
4.14832854454717e-10,0.570142243972944,0.409,0.106,9.63366337900189e-06,PP,MLPH
5.49110484271678e-10,0.344604877766683,0.818,0.385,1.27519927762412e-05,PP,KCNJ3
8.6148572714382e-10,0.459749889398927,0.386,0.096,2.00062830414609e-05,PP,MID1
2.5149104396073e-09,0.299547014670918,0.659,0.273,5.84037651390004e-05,PP,ID1
3.18214308496129e-09,0.579856781309629,0.886,0.475,7.38989088620561e-05,PP,EHF
3.80805751355685e-09,0.427045180339928,0.591,0.221,8.84345196373307e-05,PP,LRCH2
4.51310274245796e-09,1.07019990650195,0.977,0.923,0.000104807784988101,PP,PEG10
4.59629662190804e-09,0.776130295077485,0.977,0.904,0.000106739796450571,PP,MEIS2
5.99676506018693e-09,0.66586859695124,1,0.951,0.000139262874992721,PP,FXYD6-FXYD2
6.8889232974185e-09,0.680022157361282,0.909,0.658,0.00015998146573595,PP,ID4
8.27707654269257e-09,0.773375851325326,0.682,0.292,0.00019221854855095,PP,HGD
1.07972999043214e-08,1.09539927447151,0.386,0.109,0.000250745695678056,PP,CPB1
1.20686355817714e-08,0.781220184741967,0.705,0.362,0.000280269924115477,PP,CSGALNACT1
1.2327973638921e-08,0.525940825630344,0.273,0.056,0.000286292531816662,PP,TSPAN8
1.27657806733323e-08,0.362617181464692,0.5,0.168,0.000296459724576796,PP,C1orf130
2.48624651622284e-08,0.608633567881731,1,0.94,0.00057738102846243,PP,FXYD2
2.63293858643048e-08,0.535839188563277,0.977,0.798,0.000611447327926749,PP,FGFR1
3.57146881883825e-08,0.298065150415634,0.568,0.233,0.000829402203798807,PP,AK4
7.29234921921512e-08,0.518716828333536,0.568,0.231,0.00169350225917833,PP,EGR3
8.35111499024085e-08,0.543723992745206,1,0.882,0.00193937943418363,PP,SCGB2A1
1.00774338263026e-07,0.393026988348398,0.5,0.18,0.00234028245748225,PP,PLEKHB1
2.12633450076153e-07,0.632684500199825,0.977,0.942,0.0049379866111185,PP,EZR
2.2792407685863e-07,0.325068871917831,0.636,0.267,0.00529308083688796,PP,TMEM2
4.14618999717039e-07,0.322724488503374,0.5,0.199,0.00962869703042879,PP,DEPTOR
5.31457578744049e-07,0.511546551294375,0.864,0.563,0.012342039351173,PP,INPP5F
5.56126509950281e-07,0.611951475088852,1,0.946,0.0129149259405754,PP,EGR1
7.91879937015876e-07,0.541542896669137,1,0.674,0.0183898277773197,PP,TM4SF4
9.22013425591614e-07,0.506799760233831,0.727,0.414,0.021411917782514,PP,TOX3
1.05518343643162e-06,0.607595804242506,0.705,0.383,0.0245045249442515,PP,KANK1
1.14493270351099e-06,0.33668184598228,0.818,0.487,0.0265887721736357,PP,RAP1GAP
1.36617917607495e-06,0.999889787669217,0.932,0.775,0.0317267790059886,PP,BTG2
1.86751238991785e-06,0.455845272259913,0.568,0.243,0.0433692402310621,PP,RMST
4.6561233954941e-06,0.483927974837949,1,0.996,0.108129153613559,PP,H3F3B
5.51425281319712e-06,0.843572318788817,0.636,0.391,0.128057493080877,PP,MLLT3
6.52466003471279e-06,0.39018862334289,0.273,0.079,0.151522179986135,PP,PCDH9
6.70859969260614e-06,0.68384658602461,0.818,0.588,0.155793810661392,PP,FGD4
7.73471306166713e-06,0.492449682985584,0.523,0.254,0.179623241431096,PP,KIAA0040
7.75219776433316e-06,0.295369105094976,0.386,0.145,0.180029288681109,PP,ITGA2
8.90713807331601e-06,0.479480392862102,1,1,0.206850467476618,PP,MALAT1
1.00215663035784e-05,0.483316788785023,0.636,0.323,0.232730834268002,PP,TMEM45B
1.10940522253608e-05,0.379376625619907,1,0.988,0.257637174829554,PP,WTAP
1.26666443650159e-05,0.47207657624326,1,0.982,0.294157482088764,PP,PAX6
1.3418581495297e-05,0.516562723292948,0.886,0.62,0.311619718065283,PP,PRSS23
1.55303159010645e-05,0.314269477238817,0.568,0.262,0.360660526170422,PP,DMD
1.6867645123037e-05,0.63832639251904,0.682,0.407,0.391717322692289,PP,MIR100HG
1.76896290840812e-05,0.333435407898932,0.636,0.339,0.410806256219617,PP,SPTSSB
3.05297820917621e-05,0.616847064654052,0.818,0.535,0.708993129516992,PP,SLC40A1
3.64124480813759e-05,0.602863426127033,1,0.991,0.845606281793792,PP,PAM
4.13711746142237e-05,0.539934365997504,0.977,0.959,0.960762788066118,PP,PCLO
4.68836206957587e-05,0.558510389535125,0.795,0.56,1,PP,FOSB
4.71566562314124e-05,0.414424157786313,1,1,1,PP,CHGB
4.9624841387769e-05,0.437758660717319,0.932,0.805,1,PP,CRIP2
5.32172599951209e-05,0.416833739689838,0.636,0.349,1,PP,LRP12
5.99790322819309e-05,0.413186356778218,1,0.981,1,PP,CLU
7.41702271711907e-05,0.514958743774174,0.932,0.638,1,PP,C16orf45
7.58056015246224e-05,0.751871371056936,0.795,0.597,1,PP,DTNA
9.32944420662325e-05,0.83156170085927,0.659,0.387,1,PP,TRIB1
9.37752397244044e-05,0.560767035837732,0.773,0.537,1,PP,CD44
9.94181272718222e-05,0.494310877952009,0.523,0.267,1,PP,NCEH1
0.000103414129472576,0.621296368966134,0.705,0.486,1,PP,NHSL1
0.000121823748579236,0.522436359350841,0.591,0.351,1,PP,MTMR11
0.000127592169884698,0.718233465938159,0.955,0.936,1,PP,SQSTM1
0.000136818909476583,0.296808926161952,0.909,0.738,1,PP,PRKACB
0.000137004092427475,0.376560237418439,0.864,0.664,1,PP,GUCY1A3
0.000151016416636779,0.410635242319392,0.75,0.548,1,PP,RGS2
0.000177460986475359,0.399023175651057,0.523,0.288,1,PP,KCNJ8
0.000182189191708598,0.332662771096866,0.545,0.296,1,PP,KCNH6
0.000188731394114957,0.328205296104689,0.591,0.374,1,PP,KCTD6
0.000208725486984959,0.608673216127053,0.614,0.38,1,PP,PON3
0.000208929017222665,0.464571349794769,0.591,0.419,1,PP,GLRX
0.000210050052173406,0.611134427858863,0.955,0.91,1,PP,C5orf45
0.000210332583557347,0.510478565206676,0.864,0.649,1,PP,DSG2
0.000212416313010857,0.38004787260832,0.455,0.235,1,PP,TMEM144
0.000213347601097436,0.378634343723444,0.659,0.431,1,PP,TJP2
0.000216342623455429,0.485040997896268,0.977,0.877,1,PP,ZFAND5
0.000234449060361243,0.361865547589082,0.75,0.541,1,PP,ZFP36
0.000357701501068142,0.299173398715077,0.477,0.24,1,PP,PRKAR2B
0.000429598393663953,0.423492588679336,0.75,0.529,1,PP,USH1C
0.000433209544812455,0.347729555429915,0.977,0.981,1,PP,SEC11C
0.000450388982204956,0.340237231525496,1,1,1,PP,HNRNPH1
0.000459866568489212,0.545779471270114,0.977,0.791,1,PP,QDPR
0.000529068103670571,0.599234885797628,0.955,0.763,1,PP,MEIS1
0.000530420206976155,0.296756842942691,0.841,0.592,1,PP,SPATS2L
0.000571954911913649,0.526514959587485,0.864,0.801,1,PP,KCNMB2
0.000613866027985957,0.416270090820289,1,0.996,1,PP,ACTG1
0.000629595321944381,0.477075298189322,1,1,1,PP,ACTB
0.000640052606695247,0.451570819068892,0.864,0.769,1,PP,TMEM50A
0.000664974306928387,0.338144253758382,0.614,0.403,1,PP,SCIN
0.000689089580346117,0.339205941929024,0.955,0.877,1,PP,PDK3
0.000692214288893042,0.362221644917967,0.955,0.832,1,PP,ARID4A
0.000715503136240921,0.524192450580074,0.955,0.92,1,PP,ISL1
0.000846430126316953,0.600314493399459,0.795,0.665,1,PP,CPNE8
0.000924671392000494,0.295270302931759,0.364,0.186,1,PP,B3GALT2
0.000952067545290311,0.406596215659359,0.5,0.274,1,PP,RALYL
0.000992361023164598,0.345074853507873,0.932,0.845,1,PP,PDGFA
0.00107245785722732,0.338247609698718,1,0.951,1,PP,PPP3CA
0.00109135707451048,0.328598946373233,0.977,0.973,1,PP,NPC2
0.00116182064343834,0.30590843593172,0.341,0.16,1,PP,ZDHHC8P1
0.00144129313423996,0.430132569141675,0.5,0.305,1,PP,RNASE4
0.00147449748277647,0.400757507538165,0.568,0.373,1,PP,PLSCR4
0.00159481953295813,0.381107710291131,0.795,0.624,1,PP,TDP2
0.00167650983439209,0.595027138552906,0.795,0.609,1,PP,SOX4
0.00168485882533491,0.299317362881516,0.409,0.223,1,PP,LIPH
0.00185557798134995,0.423325327091287,1,0.982,1,PP,SRSF11
0.00200006576767833,0.449654709720287,0.705,0.512,1,PP,FOXP2
0.00211228414592875,0.761377776847291,0.841,0.739,1,PP,MYO1B
0.0021177197750284,0.327851308133125,1,1,1,PP,FTL
0.00212954157251723,0.382408142126021,0.955,0.859,1,PP,SPTBN1
0.0021937108871515,0.389523454979086,0.955,0.767,1,PP,FNDC3B
0.0022184100680799,0.442571448566142,0.818,0.658,1,PP,ACTN1
0.00288573993680038,0.318144430062403,0.659,0.434,1,PP,SPATA13
0.00295654885212463,0.352113468697204,0.75,0.558,1,PP,ARHGEF3
0.00297085450328192,0.486429857116204,1,0.972,1,PP,MLL5
0.0030601469118847,0.825638270229447,0.364,0.217,1,PP,TFPI
0.00306103689307415,0.57912477701225,0.909,0.805,1,PP,VMP1
0.00324124916525465,0.362414291091446,1,0.996,1,PP,DSTN
0.00332197238722283,0.449158595603866,0.955,0.923,1,PP,TSPAN7
0.00343255430575088,0.43613808639173,0.977,0.959,1,PP,LIMCH1
0.00351853027713637,0.366917791821695,0.932,0.886,1,PP,VPS29
0.00364334879066829,0.364443235827717,0.977,0.962,1,PP,ARPC2
0.00383195415257429,0.523817490990742,1,0.961,1,PP,FOS
0.00432078142614853,0.301980693531773,0.659,0.476,1,PP,MAF
0.00434737179123938,0.532737183363999,0.614,0.433,1,PP,SSFA2
0.00440817290545823,0.450900487968474,0.886,0.784,1,PP,ACADVL
0.00544331421436226,0.414046042061696,0.909,0.852,1,PP,CD81
0.00553478150159262,0.301634003366522,0.75,0.577,1,PP,KIAA0240
0.00583149492906321,0.387082814047056,0.818,0.611,1,PP,NEO1
0.00590035797933332,0.468492337312254,0.909,0.845,1,PP,TRA2B
0.00636584396859602,0.401584879622326,0.977,0.958,1,PP,GFPT1
0.00655998931994616,0.33488187302413,0.977,0.951,1,PP,TUSC3
0.00688753909730217,0.408993236286126,0.841,0.746,1,PP,CGGBP1
0.00690395046973708,0.297769177093204,0.5,0.332,1,PP,INPP4B
0.00704253306315626,0.306117146501675,0.955,0.897,1,PP,MAGED1
0.00712308875632135,0.354508247422625,0.386,0.248,1,PP,GPATCH1
0.007296271942085,0.372418442096825,0.432,0.278,1,PP,MXD4
0.00733031263833978,0.460685801274515,0.955,0.935,1,PP,FOXP1
0.00762362585486555,0.361579053045358,0.636,0.456,1,PP,TCTN1
0.00769558533768993,0.347001841886605,0.682,0.539,1,PP,CSPP1
0.0077449575452066,0.31203834731901,0.568,0.392,1,PP,JMY
0.00792665606392286,0.408232102521428,0.477,0.305,1,PP,SNRK
0.00814203993724494,0.343578407072925,0.773,0.601,1,PP,C20orf11
0.00834115133146913,0.319575851740062,0.795,0.662,1,PP,KIAA0528
0.00843435283598877,0.328679292783185,0.75,0.55,1,PP,GLUL
0.00856181258494988,0.527942674658826,0.909,0.944,1,PP,MIR7-3HG
0.00870182320065313,0.345669621634227,0.659,0.541,1,PP,FMR1
0.00874118103320884,0.336273489613724,0.818,0.754,1,PP,PSIP1
0.00903637415529942,0.346109384247592,0.273,0.138,1,PP,ERAP2
0.00910298740451189,0.30704651731821,0.727,0.513,1,PP,MYO10
0.00921543488699035,0.352011337041348,0.864,0.765,1,PP,VEZF1
0.0092361653293231,0.332036348059091,0.932,0.927,1,PP,FNIP1
0.00930388581500977,0.3191283212502,0.341,0.19,1,PP,SEL1L3
0.0093538858393717,0.623465238426624,0.659,0.488,1,PP,KIAA0319
0.00941222908005594,0.337565433861925,0.75,0.642,1,PP,CLTA
0.00943178939044831,0.337226329955947,0.864,0.73,1,PP,OSBPL9
0.00964970658466552,0.379056806587876,0.636,0.488,1,PP,WWP1
