p_val,avg_logFC,pct.1,pct.2,p_val_adj,symbol
6.78280702892717e-33,1.35778823050753,0.885,0.193,1.57517127632776e-28,XIST
2.50535212720743e-31,1.2717627902278,0.869,0.188,5.81817924501382e-27,TSIX
4.87533019883569e-25,-1.08952298896183,0.131,0.766,1.13219793207561e-20,RPS4Y1
7.9774202533972e-24,-0.661607735364086,0.115,0.771,1.85259630544643e-19,TTTY15
7.23930121888535e-23,0.781819097220656,1,1,1.68118292206174e-18,MALAT1
1.47078349951213e-22,-0.922049160249864,0.107,0.698,3.41560052091702e-18,DDX3Y
4.31417782879612e-22,-0.78172255310793,0.131,0.75,1.00188151718132e-17,USP9Y
1.31238803522779e-20,-0.401483578953013,0.09,0.667,3.04775873420949e-16,EIF1AY
7.24174350704013e-20,-0.862509978790978,0.984,1,1.68175009463993e-15,TTR
1.12625490865038e-19,1.37640296896741,0.877,0.458,2.61550177435878e-15,DLK1
6.169877279629e-19,2.54205337164184,0.648,0.167,1.43283060064824e-14,SPP1
1.10487212701594e-17,-0.394962033958808,0.057,0.557,2.56584454056912e-13,KDM5D
8.35304504343433e-16,-0.403870419567481,1,1,1.93982765043676e-11,RPL3
3.59138322285067e-15,-0.326767679500041,0.098,0.552,8.34026925842611e-11,UTY
8.44596609532425e-15,0.399575038650139,1,1,1.96140670631715e-10,SSR4
5.87263702401355e-13,-0.288048252420429,1,1,1.36380249608667e-08,EEF1A1
8.0642109649741e-12,0.510275199836635,1,1,1.87275171239593e-07,CPE
2.24046522787309e-10,-0.544830598555464,0.975,0.99,5.20303239868967e-06,ATP5B
2.8640750124308e-10,0.821956303382638,0.943,0.797,6.65124140136804e-06,NEAT1
3.75309974283338e-10,-0.411838883263599,0.131,0.5,8.71582353278195e-06,SLC2A2
1.47806451374606e-09,0.356561842875378,0.959,0.859,3.43250922027249e-05,S100A6
2.77057544805679e-09,-0.501912361581056,0.426,0.74,6.43410736302228e-05,STON2
3.89426941463074e-09,-1.03363473991777,0.574,0.828,9.04366186159697e-05,RBP4
3.89491523798273e-09,-0.433547185270208,1,1,9.04516165716729e-05,ACTB
4.17470710817664e-09,-0.408201825030389,0.992,1,9.69492231731861e-05,DPYSL2
5.56618237044266e-09,0.430771258790379,0.992,0.995,0.00012926345318879,ITM2B
7.07543004808287e-09,-0.47648263229771,0.984,1,0.000164312712006628,ENO1
9.43064641734879e-09,-0.281516389760804,1,1,0.000219007901750091,MYL6
1.13150632654713e-08,-0.487586755634752,0.754,0.932,0.000262769714214041,SEMA5A
1.43099383344189e-08,0.555357035843095,0.762,0.448,0.000332319697940209,TMEM176B
2.64380864179639e-08,-0.481866530310937,0.836,0.943,0.000613971680884376,MEAF6
3.43865937698188e-08,0.448316159100755,1,0.979,0.000798559867116503,SYNE2
7.07210716472022e-08,0.617829181435625,0.992,0.984,0.00164235544686298,SCG2
8.26949128607824e-08,-0.774824196823898,0.631,0.839,0.00192042396136595,ENTPD3
8.47066381183033e-08,-0.266506229608938,1,1,0.00196714225702136,INS
1.06624548032012e-07,-0.486632949960536,0.639,0.849,0.00247614187894742,ARG2
1.1376336269051e-07,-0.344229955292784,1,0.995,0.00264192657176171,TPI1
1.20930027396868e-07,0.359106060395692,0.566,0.292,0.00280835802623747,KIAA1456
1.4455713548137e-07,-0.455849916239941,0.352,0.667,0.00335705035728386,TMED6
1.61194600862221e-07,0.289491673904242,0.467,0.198,0.00374342221582336,TMEM176A
1.64058464862161e-07,0.259432396820655,0.877,0.714,0.00380992972949396,IGFBP5
2.50172967515044e-07,0.459243343730195,0.705,0.479,0.00580976682460187,LSAMP
2.66537434858694e-07,0.397174622584761,0.344,0.104,0.00618979884972344,PSAT1
2.71919251338892e-07,-0.381464407354324,0.959,0.995,0.0063147807738431,HSPD1
2.84205075212922e-07,0.271020636736659,1,1,0.00660009446166968,B2M
3.31580521960865e-07,-0.425574707885019,0.639,0.854,0.00770029446149717,TUBA4A
3.47426953740991e-07,-0.435582527910488,0.852,0.953,0.00806829614672703,CTTN
3.82395764479616e-07,0.282406543501418,1,1,0.00888037683851012,CALM2
5.04201752415884e-07,-0.39350389109551,0.918,0.943,0.0117090772963541,REEP3
5.39350110648619e-07,0.843575588791961,0.959,0.927,0.0125253276195929,CDKN1C
6.17382758009416e-07,-0.279306241231826,1,1,0.0143374797892527,SCGN
6.59292696034201e-07,-0.498399978024949,0.967,0.979,0.0153107542800022,CBX5
8.34109980564339e-07,0.292638460945215,0.566,0.292,0.0193705360786457,CDH2
9.26493739886645e-07,0.344070728480463,0.992,0.979,0.0215159641213876,NUCB2
1.87592376195327e-06,-0.281334760453029,1,1,0.0435645775238407,GAPDH
1.89965209428108e-06,-0.275755885025749,0.951,1,0.0441156205854895,OAZ1
2.73425782027947e-06,0.393573065436796,1,0.99,0.0634976693603502,PARM1
2.78081047425778e-06,0.48340212290325,0.967,0.932,0.0645787616436883,PCSK2
3.00167572760669e-06,0.435607213629086,1,0.995,0.0697079154222102,PAM
3.72600960810212e-06,-0.378953966771381,0.951,0.99,0.0865291211289556,IGF1R
3.77232672722134e-06,-0.328050807732857,0.369,0.635,0.0876047435862612,HS6ST3
4.2585642998068e-06,-0.409100434233341,0.426,0.698,0.0988966387344132,GRAMD3
4.58061102271072e-06,0.508607429828502,0.598,0.385,0.106375529780411,CPNE8
4.8283655221959e-06,0.287477083429273,0.344,0.13,0.112129132521955,FMNL2
5.00472854397292e-06,0.396688480426665,0.631,0.479,0.116224810976683,TFF3
5.4086542143989e-06,0.449551855348365,1,1,0.125605176820986,CHGB
5.58931029328913e-06,-0.372755641336076,0.811,0.896,0.129800552941054,STX1A
5.97735179392416e-06,-0.371133193890363,0.336,0.594,0.138812040710301,CHL1
6.21861882140991e-06,-0.365946045757286,0.836,0.911,0.144414984889602,CD24
6.60446876700103e-06,-0.645878075383629,0.311,0.547,0.153375578176065,GLUL
6.82145999404298e-06,-0.467148116279978,0.975,0.995,0.15841476544166,ACLY
6.86708963899395e-06,-0.276613959343468,0.32,0.578,0.159474422686357,C6orf211
6.95289423319035e-06,-0.61895261130061,0.205,0.438,0.161467062777379,UNC5D
7.4103477104075e-06,-0.302322380455105,0.041,0.229,0.172090504878793,HHATL
7.57478614523546e-06,0.310588498148188,1,1,0.175909258650803,MAP1B
7.99247490231804e-06,0.325768553461329,1,1,0.185609244656532,SCG3
8.9084105428875e-06,0.816424308737542,0.32,0.115,0.206880018037476,SERPINA1
8.91828951064348e-06,-0.25549750723093,0.664,0.839,0.207109437305674,BZW1
1.05565800300952e-05,0.276968071719489,1,1,0.2451554580389,RPL13
1.20985460468907e-05,0.327136455902948,0.959,0.781,0.280964534846942,ARID2
1.22945225952196e-05,0.397645086610844,1,0.974,0.285515698228785,CHGA
1.313724342605e-05,-0.266571890543896,0.811,0.958,0.305086204083158,FKBP9
1.5057454846237e-05,0.33348814570681,0.984,0.938,0.349679273894162,PEMT
1.61943071736529e-05,-0.29453255328972,0.926,0.995,0.376080395493741,CCDC56
1.62752826425104e-05,-0.29262070537765,0.615,0.802,0.377960888807019,TMEM37
1.72716335619823e-05,0.36196169052177,0.68,0.411,0.401099146209916,CECR1
1.73645191424556e-05,-0.336855826808376,0.287,0.542,0.403256228045246,PCDH7
1.78132994271412e-05,0.421142002281174,1,0.995,0.413678252596501,MEG3
1.86325756714929e-05,-0.491657930541712,0.459,0.661,0.43270430481908,LOC100506548
2.02208641909504e-05,0.366261545897104,0.484,0.245,0.469589129106441,SMC4
2.9628233742784e-05,-0.4727425346253,0.393,0.594,0.688056472208672,PRUNE
3.45679608113532e-05,-0.259482054840007,0.107,0.302,0.802771753922055,ABCB1
4.02202684986965e-05,-0.318749405915774,0.91,0.958,0.93403529534523,EIF3I
4.21428088010034e-05,0.344355602974615,0.738,0.641,0.978682448785703,MNAT1
4.91588304297815e-05,-0.316743069456426,0.893,0.974,1,RAB11A
5.12953423604065e-05,-0.318766559621364,0.984,1,1,ACTG1
5.14708404534293e-05,-0.344050251423738,0.598,0.766,1,MADD
5.27081323558152e-05,-0.266847419177322,0.967,0.99,1,CYSTM1
5.39171400298036e-05,-0.387196900580211,0.672,0.849,1,RNF6
5.92174844069045e-05,-0.390999885775915,0.18,0.391,1,TM4SF4
7.34055072108283e-05,0.601046517432954,0.533,0.359,1,ITGB8
7.90338177804328e-05,0.385904713144749,0.861,0.75,1,MAN1A1
8.38198590855984e-05,-0.322491247194529,0.492,0.729,1,GPM6A
9.34679044028334e-05,-0.360566520818601,0.918,0.984,1,ATP6V1A
9.80626178487678e-05,0.298731485796604,1,1,1,CD59
0.000100813771787775,-0.326721254311487,0.115,0.297,1,GRB14
0.000104613058547645,0.264076277089882,0.533,0.344,1,CCDC88C
0.000115287066867561,-0.451888904721629,0.361,0.578,1,VPS39
0.000129180773890325,-0.306166671254411,0.639,0.828,1,SMS
0.000130699988323734,0.265584132530722,0.844,0.74,1,ESF1
0.000157278754588157,-0.252409651381539,1,1,1,HSPA8
0.00016389955122979,0.264895637729074,0.959,0.885,1,CD47
0.000165332841100454,-0.495181215229407,0.926,0.958,1,TXLNA
0.000171546580372051,-0.258117561983308,1,1,1,DDX5
0.000175020956009717,-0.399679285313817,0.631,0.776,1,CLDN12
0.000176866647641789,-0.269022540388611,1,0.995,1,TUBA1B
0.000182198346261892,-0.257623673818922,0.828,0.958,1,PLP2
0.000205165131461845,0.412881924288357,0.861,0.786,1,BMP5
0.000219403606428232,-0.41209533575856,0.033,0.172,1,IGFBP3
0.000244886280416093,-0.269971033841042,0.828,0.948,1,MAPRE1
0.000253499779774843,-0.275298209097326,0.598,0.745,1,LOC100861402
0.000262945351817996,-0.258987651569311,0.377,0.594,1,IFIT1
0.00027637999920403,-0.374845009346647,0.828,0.911,1,ENO2
0.000296308961925351,-0.285378493253556,0.451,0.661,1,PSMG3
0.000319384213439392,0.474373134745588,0.557,0.344,1,PDE3A
0.000335630371490042,0.379187476476727,0.795,0.682,1,ADRBK2
0.000339645237986935,-0.425494316558469,0.951,0.964,1,CLU
0.000360186145089754,-0.321599039691957,0.336,0.536,1,PNMAL1
0.000377079534463281,-0.344256593120448,0.566,0.729,1,PSMD10
0.000384771360543649,-0.265814916286581,0.664,0.87,1,PDXK
0.000390741469603028,0.34588629920798,0.861,0.786,1,CDC42EP3
0.000395290145312791,0.34421960531712,0.762,0.635,1,FADS1
0.00041781517858235,0.26760438007435,0.541,0.359,1,SCN9A
0.000434630399194958,-0.26384202696603,0.697,0.859,1,TAGLN2
0.000444528882578131,-0.431178485952239,0.566,0.698,1,STIP1
0.000459638964393235,-0.406991134868486,0.869,0.964,1,SLC25A5
0.000476292328204334,-0.291525677953544,0.943,0.969,1,MIR7-3HG
0.000504565920085005,-0.267466869920897,0.984,1,1,HADH
0.000533742745221198,-0.262542032729602,0.787,0.88,1,KRT8
0.000556197883973902,-0.300967157304483,0.352,0.562,1,ACADSB
0.000641813216265815,-0.289120447854306,0.959,0.99,1,RPL36A-HNRNPH2
0.000711127791270682,0.270469395480955,1,0.958,1,PCLO
0.00071421602092661,-0.255858749585201,0.549,0.719,1,NF2
0.00071632488816274,-0.359111625422894,0.131,0.271,1,F11
0.000735023140521544,-0.259254603979327,0.844,0.932,1,BCAP31
0.000752810852730723,0.436437066191213,0.59,0.458,1,SEMA6A
0.000800078444381135,0.306598299307233,0.459,0.276,1,TARBP1
0.000875437792569688,0.288733881894901,0.943,0.922,1,MTIF3
0.000905716268929912,0.391207741038055,0.934,0.922,1,STXBP5
0.000909105110642362,-0.282923419906454,0.549,0.688,1,QDPR
0.000935119753481841,0.266799048104684,0.91,0.885,1,RBM26
0.000992711050211516,0.296307944640119,0.68,0.568,1,ETV1
0.00100454594415803,0.270603604820152,0.959,0.932,1,EGR1
0.00100484032951542,-0.267901598246626,0.418,0.594,1,PRKAG2
0.00102393392054613,-0.394320649200931,0.746,0.896,1,PHLDB2
0.0010281794669586,0.36488008111962,0.525,0.385,1,LOC729178
0.00103254274419323,0.301544191417267,0.943,0.953,1,RIMS2
0.00103561589142577,0.337676295211938,0.934,0.891,1,PRDX4
0.00107183966157428,0.42449743553688,0.328,0.172,1,OTOGL
0.00110249069821994,0.34475158203554,0.926,0.969,1,HERPUD1
0.00113694476701064,-0.429476066261171,0.623,0.76,1,ATAD1
0.00117044139491488,-0.274885253782184,0.443,0.578,1,GATAD2B
0.0012234677354813,-0.290150950872213,0.852,0.906,1,FAM134A
0.00126382075041443,-0.320919579017059,0.443,0.625,1,MPP1
0.00128571902364269,-0.257128190004389,0.385,0.568,1,MAPK9
0.00131877067230832,-0.426735165846901,0.828,0.917,1,C2orf68
0.00135649915053169,-0.335562336829414,0.828,0.875,1,PSMD8
0.00137887755925101,-0.270310578360571,0.631,0.792,1,TTC39C
0.00150364640633194,-0.309017054926692,0.762,0.849,1,C20orf43
0.00153610935002771,-0.266312236895369,0.918,0.932,1,CACUL1
0.00153773568945209,-0.271238417942518,0.484,0.651,1,PRKCA
0.00159426835378306,0.356565553226093,0.984,0.99,1,MLL3
0.00160976560316968,-0.348974755745349,0.631,0.766,1,C14orf43
0.00166298556118851,-0.269320737783875,0.467,0.594,1,LCORL
0.0018206531640086,0.318759950378504,0.943,0.917,1,MBNL2
0.0018223673616881,-0.250924089309151,0.59,0.729,1,LZIC
0.00183935005416601,0.31579266841994,0.295,0.151,1,FRAS1
0.00186425679235007,0.331150527771875,0.975,0.99,1,VPS13C
0.00191339839973231,0.344523966269029,0.787,0.714,1,RABEP1
0.00191560015101734,-0.280104753678453,0.361,0.526,1,ALDOC
0.00192125696102358,-0.263533271826963,0.303,0.49,1,CDK7
0.00203786808763796,0.277458473220675,0.82,0.76,1,CLIP1
0.00206547281360564,0.52620259156507,0.443,0.276,1,KLF9
0.00239423016283516,-0.275337207153938,0.09,0.219,1,RCL1
0.0024472244631775,0.43563418854518,0.926,0.859,1,GLS
0.00250269046724106,-0.292011061665641,0.803,0.88,1,PLEKHB2
0.00271223613307103,-0.337838454285637,0.566,0.714,1,MAST3
0.00274456406561593,-0.298317683773944,0.68,0.786,1,PPID
0.00287284846022947,-0.259443119023191,0.943,0.979,1,SNAP25
0.00288997916305714,-0.30644676704952,0.787,0.859,1,SNX27
0.00289031447078623,-0.292392888858561,0.59,0.724,1,MRPS9
0.00289823326301611,0.38396003150808,0.361,0.229,1,EGR3
0.00292166287251782,-0.260395672278271,0.992,0.99,1,TMED2
0.00295654130634394,-0.33520235197765,0.385,0.542,1,ADSL
0.00302903626484289,-0.30064244619927,0.549,0.661,1,SGPL1
0.00304367051924628,-0.299230803819399,0.197,0.344,1,GALT
0.00305812656016513,-0.338062331739764,0.992,0.99,1,KIAA1324
0.00361395825125727,0.365256527593614,0.533,0.406,1,P4HA2
0.00375978087893849,-0.306381352926671,0.393,0.562,1,BLZF1
0.00386469627997192,0.25394423290152,0.393,0.26,1,ZNF480
0.00390217087502222,0.522066273572792,0.393,0.245,1,NPY
0.0040633192912001,-0.263943006756424,0.975,0.995,1,SCD
0.00411548193448415,-0.255403576700285,0.287,0.453,1,ALG9
0.00423893748926565,0.287190306166763,1,0.99,1,MARCKS
0.00478679400606842,-0.343905913377511,0.115,0.234,1,TRIB3
0.00511185437902627,0.304737468322032,0.885,0.844,1,CERK
0.00522422633912288,-0.293547444979169,0.23,0.375,1,NADSYN1
0.00530429698218979,-0.292539341157754,0.697,0.776,1,PSMF1
0.00534873493824793,-0.25402113829764,0.484,0.599,1,ATIC
0.00545805173130067,-0.34899336143714,0.213,0.349,1,CTSL2
0.00552879974025975,0.395944290448243,0.811,0.719,1,SRSF2
0.00569429211935621,-0.275220640235473,0.352,0.5,1,KBTBD4
0.00590927728301752,0.357687071057526,0.877,0.875,1,ZC3HAV1
0.00594408663526466,0.364013690760967,0.713,0.557,1,MPDZ
0.00613156017707904,-0.30621582066912,0.434,0.547,1,NEK9
0.00615821691035132,-0.299202559888325,0.5,0.635,1,INPP5F
0.00615928388837426,0.332887771682077,0.787,0.693,1,FAT1
0.00633855824786723,0.281110476713393,1,0.984,1,RANBP2
0.00663890948688055,0.265839897121027,0.984,0.984,1,EPCAM
0.00685479825760012,0.430353735366708,0.713,0.63,1,CDK6
0.0069375221196203,0.25250721205212,0.893,0.823,1,PVRL3
0.00709071517596224,0.331282628918594,0.73,0.625,1,DNAH5
0.00716817586570095,0.321523151980649,0.975,0.99,1,MACF1
0.00732780361974327,0.301559221752918,0.959,0.927,1,MAN1A2
0.00768554118423281,0.268982394478729,0.943,0.943,1,ZNF652
0.00778090664866553,-0.276697235343044,0.746,0.833,1,C22orf28
0.00806026988765226,-0.776773118797608,0.385,0.526,1,SST
0.00808958222325623,0.45084064588538,0.754,0.672,1,XRRA1
0.00811872527688922,0.286377705859327,0.631,0.5,1,TGS1
0.00843004320193096,0.353542046634008,0.303,0.198,1,C3orf15
0.00880028952305347,0.370202805650945,0.738,0.708,1,FAM135A
0.00883356199886239,0.346697346029901,0.68,0.589,1,ZNF37A
0.00895971033456777,0.265871955203579,0.352,0.234,1,RYR2
0.00907538314972833,-0.305673541847994,0.385,0.542,1,ENPP1
0.00909574854822787,-0.299231151840308,0.131,0.25,1,GTDC1
0.00914189211308632,0.434115788406328,0.557,0.438,1,FAM219B
0.00944321981338912,-0.267037794051294,0.852,0.896,1,DDOST
0.00968520962479155,-0.344714178620185,0.533,0.677,1,SLC25A34
0.00970773014859787,-0.265366646520218,0.902,0.948,1,CCT3
0.00981974932919256,-0.284300672822207,0.705,0.823,1,API5
0.00997187543894902,0.252034339994796,0.918,0.792,1,TCF4
0.0102026308752357,-0.335443569031182,0.746,0.818,1,CCT2
0.0102051345134366,-0.317897037256195,0.754,0.807,1,SNX13
0.0106179306019703,0.401504712400183,0.984,0.979,1,GSN
0.0106316632813623,-0.259308178850321,0.738,0.807,1,OAT
0.0109020241746723,0.387179872063896,0.451,0.318,1,PARP14
0.011164973451906,0.307039416293645,0.59,0.536,1,DBT
0.011274015164416,0.309623993725445,0.975,0.943,1,DZIP3
0.0120454679011091,0.327158033467861,0.721,0.677,1,CLGN
0.0120707118801172,-0.272122257567568,0.91,0.953,1,PPL
0.0122022427114267,0.370975164636354,0.279,0.161,1,DGKB
0.0126135960196543,-0.264592868637997,0.738,0.844,1,SNRNP200
0.0126505550641284,-0.301747848807942,0.434,0.568,1,PLRG1
0.0128580002235593,0.30038986467759,0.77,0.729,1,TMED3
0.0128738735981249,-0.352387824942249,0.713,0.729,1,SLC29A1
0.0129647940873782,-0.338298210134157,0.393,0.526,1,PRKAG1
0.0134068266971114,-0.284148794889282,0.574,0.667,1,METTL14
0.0135968285050457,-0.302471489661245,0.631,0.719,1,COMMD9
0.0138237495230982,0.364840910228237,0.656,0.578,1,CACNA2D1
0.0140897104882549,-0.321486628465815,0.27,0.411,1,USP39
0.0145370528656795,0.46693300472356,0.557,0.453,1,PRG4
0.0149753220249382,-0.257570670214761,0.32,0.464,1,ZNF226
0.0154184326964959,-0.348809204149625,0.967,0.99,1,STT3A
0.0158617641544621,0.262776266601597,0.787,0.708,1,CCNL2
0.0163117154687622,0.302920296711283,0.934,0.88,1,XBP1
0.0163426293879389,0.276512898083412,0.639,0.526,1,FER
0.0170328992385388,-0.30228778730122,0.631,0.75,1,SEC23B
0.0171780730093755,0.375147757052242,0.631,0.526,1,EDN3
0.0178024274736812,0.271108986775915,0.795,0.682,1,ASNS
0.0179124179117197,-0.303563198406428,0.861,0.901,1,ATP1A1
0.0195172860785594,-0.279249221183363,0.352,0.438,1,SERINC5
0.0195952358060829,0.288174069368831,0.828,0.818,1,UBN2
0.0197403783324666,-0.272088304787714,0.32,0.422,1,PAAF1
0.0198406153991917,-0.321320089724715,0.721,0.802,1,GORASP2
0.0203209758783129,0.264530893295169,1,1,1,RIN2
0.020327833567318,-0.325292426529452,0.811,0.854,1,FBXO7
0.0203492070644269,-0.282016746695679,0.262,0.365,1,LAMB1
0.0206092790394325,-0.262250203456855,0.434,0.526,1,KLHL12
0.0207363597071889,0.281673435053807,0.746,0.641,1,SLC38A2
0.0215756822195219,0.275354043866543,0.943,0.927,1,KIDINS220
0.0217110739606498,-0.283476961080113,0.254,0.359,1,IFT52
0.0232776021292924,0.326006544815336,0.418,0.339,1,MRAP2
0.0235922470353038,-0.260657015764361,0.344,0.443,1,VPS11
0.0243786514387159,-0.271793284976451,0.869,0.88,1,HADHA
0.0244859809952484,-0.289146349908694,0.467,0.594,1,MRPS27
0.0249404534747696,-0.339788550476157,0.369,0.484,1,FAM118A
0.025735035556763,-0.296904968210128,0.664,0.703,1,P4HA1
0.0264718230172314,0.359217879591831,0.918,0.901,1,SKIL
0.0269327644707117,0.255872459618444,0.574,0.505,1,NDRG4
0.0276067969820674,0.264392781121703,0.385,0.276,1,GRIK2
0.0278519870516127,-0.333340077460473,0.689,0.724,1,HNRNPF
0.0281652987147081,0.307861688319925,0.385,0.281,1,THBD
0.0286501469581612,0.322456456794284,0.836,0.802,1,VMP1
0.0289677472466122,0.25723720247954,0.984,0.974,1,QPCT
0.030821356912567,-0.264805388845565,0.287,0.385,1,SEC22A
0.0308932327977557,-0.298377301440457,0.426,0.5,1,ZNF791
0.0311070923655292,-0.27569420765537,0.893,0.943,1,SLC39A9
0.0322976580511386,0.295533630608901,0.787,0.802,1,OFD1
0.0330113600070018,-0.296250399840961,0.918,0.943,1,ACAT1
0.0330553146565412,-0.263466539721033,0.295,0.401,1,CELF2
0.033411234779338,0.25546945268711,0.852,0.859,1,PLOD2
0.0334291531400308,0.298906388048428,0.934,0.927,1,FNDC3A
0.0342953105681526,0.423928216558783,0.664,0.562,1,SEC16A
0.034365856663949,0.327091844188276,0.68,0.63,1,GUCY1A3
0.0345325567045555,-1.64668608533444,0.984,0.964,1,GCG
0.0345958236300429,0.277925527027493,0.885,0.839,1,SLK
0.0353012351422544,-0.276437689877666,0.115,0.198,1,GALNT14
0.0365621771013864,0.354421695778246,0.811,0.766,1,GPX3
0.0373115189078231,0.261894819361633,0.352,0.255,1,FSD1L
0.0379239222905414,-0.267443071943893,0.852,0.911,1,GNB1
0.0391118480943787,-0.29124437388553,0.59,0.693,1,IPO9
0.0399727512298584,-0.40294536692925,0.549,0.646,1,MTMR3
0.0407490649479447,0.42142469390006,0.713,0.641,1,NFIA
0.041531395847148,0.281988181688097,0.893,0.807,1,CSNK1A1
0.0417653698735351,-0.287648065198796,0.123,0.208,1,SNX11
0.04325944455558,0.29610564012483,0.639,0.536,1,GAPVD1
0.0436266677140701,-0.331147745070384,0.09,0.167,1,ZNF596
0.0452377221085812,0.2541993612187,0.615,0.516,1,INSIG1
0.0455852318033418,-0.25219596640644,0.205,0.312,1,HARS2
0.0458572574600307,0.25005686310834,0.951,0.927,1,PRKDC
0.0461111888036677,-0.293102073051887,0.59,0.708,1,PDHA1
0.0461705419749174,0.298178407721356,0.811,0.781,1,PUM2
0.0471952715932405,-0.251160647467994,0.213,0.307,1,ZNF709
0.0475889015523463,0.290023053401604,0.787,0.797,1,PCDH17
0.048344150942591,-0.34034097826515,0.336,0.443,1,CRKL
0.0483593639126981,0.386262481051369,0.344,0.25,1,ST6GAL1
0.0491008220391312,-0.365900733182349,0.295,0.385,1,POLR1C
0.0498205328710202,-0.267134099555777,0.713,0.797,1,CNOT2
0.0503238781359067,0.316705459068761,0.713,0.693,1,CD2AP
0.0544326614937102,-0.293784985809576,0.795,0.792,1,MEIS1
0.054731539771874,0.283099557467527,0.697,0.625,1,NUP43
0.0553375928521161,0.271143479184312,0.451,0.375,1,HRSP12
0.055942216861421,0.282757994566711,0.926,0.917,1,PHF3
0.0591044350444901,-0.299215572458933,0.549,0.62,1,DDAH1
0.0591350209363355,-0.269960578466062,0.697,0.812,1,MTPAP
0.0604232725818539,0.272946420710382,0.41,0.344,1,ZNF347
0.062475424425088,-0.402285138801097,0.582,0.656,1,CD99L2
0.0632632409673927,-0.282413956167038,0.836,0.818,1,RBM23
0.0634665539069371,0.276377646401574,0.803,0.75,1,FOXO1
0.063772828230934,-0.274188998838891,0.828,0.844,1,ECI2
0.0650034889000305,0.447741061046721,0.852,0.849,1,CCDC47
0.0657203484096353,0.283397541442385,0.852,0.844,1,HERC1
0.0667021527329409,0.34823013725469,0.107,0.052,1,REG3A
0.0685138458678197,0.264175478510463,0.664,0.635,1,NCSTN
0.0690866052121609,0.367390775461425,0.434,0.401,1,MAF
0.0729185969917793,0.259500723481289,0.139,0.083,1,CPB1
0.079426378729236,0.285901969475322,0.713,0.703,1,LONRF2
0.0799471952960146,0.299564991860953,0.861,0.875,1,BRWD1
0.0806662239414941,0.271187302160519,0.844,0.839,1,ZNF518A
0.0845593576541887,0.267317219663218,0.746,0.76,1,ATP8A1
0.0854685747754626,0.262169552260621,0.443,0.37,1,ATG2B
0.0891275840704357,-0.309274086202862,0.525,0.589,1,AP3M1
0.0917052124792565,0.258293436746671,0.615,0.62,1,YTHDC2
0.0922309481087059,0.301695787580231,0.262,0.354,1,LGR4
0.0949312065157557,0.354911238898208,0.68,0.677,1,RNF169
0.0952143526776097,-0.267985732211229,0.402,0.505,1,GTF2H1
0.0968263212055842,0.307996582162435,0.68,0.635,1,PRPF18
0.101625350664737,0.366171163394486,0.59,0.604,1,SIKE1
0.101908004595289,0.251409140532638,0.934,0.953,1,ARHGAP5
0.105576648337186,0.258982796312007,0.975,0.943,1,ERLEC1
0.109803333492068,0.292155875870064,0.762,0.698,1,GCLM
0.111002602220233,0.28324446148712,0.311,0.234,1,MTHFD2
0.112835312343265,0.31005681420245,0.426,0.37,1,ZNF25
0.112973581816938,0.276476025909107,0.467,0.396,1,EXOSC1
0.115238165768765,-0.454202224826471,0.557,0.609,1,PABPC4
0.123813220400064,0.319288499181322,0.508,0.458,1,ZNF302
0.126629464937,0.26102584178609,0.508,0.453,1,ARIH1
0.127553605154345,0.294567683506238,0.836,0.812,1,TUG1
0.128824874120808,0.329247950063418,0.557,0.505,1,FOXP2
0.13583270178629,0.258180966898813,0.689,0.677,1,TRIM37
0.136053678174391,-0.304700907289792,0.23,0.297,1,EIF2AK3
0.143295459115519,0.267692949550689,0.189,0.141,1,SOX9
0.150989209223215,0.262254146002511,0.459,0.396,1,EXD2
0.153026426245182,0.2789002946402,0.779,0.802,1,SMAD5
0.157848951159162,0.281880714544282,0.779,0.76,1,WDFY3
0.159551043385166,-0.252773423994124,0.762,0.823,1,ACOX1
0.160674847376029,0.345574585912728,0.852,0.823,1,CXXC4
0.171258903057603,0.293939991490149,0.91,0.917,1,AP2B1
0.171767200830837,-0.315834630432287,0.393,0.443,1,OXCT1
0.172349650771709,-0.253918182824398,0.607,0.651,1,CFL2
0.174783558584779,-0.359591800364171,0.385,0.411,1,ERLIN1
0.177970228179509,0.331458494589499,0.484,0.417,1,GDAP2
0.188565673427632,0.255130797396791,0.877,0.844,1,VPS13A
0.198363708160636,0.281322541100618,0.828,0.87,1,PURA
0.201584410004439,0.282778443731913,0.607,0.594,1,MLXIP
0.202140675348344,0.258558867738444,0.828,0.807,1,SPEN
0.204076955610351,0.346134773438367,0.557,0.521,1,WNK3
0.204730990249954,0.280923968832779,0.68,0.641,1,MED23
0.210422312779423,0.336742151060936,0.344,0.307,1,NT5DC2
0.215482110789319,0.323208685368492,0.746,0.75,1,DIP2C
0.217073834401664,0.267881935858245,0.549,0.5,1,POLI
0.218002512627207,0.276210454071487,0.402,0.495,1,UBAC2
0.23952296017657,0.308313693794567,0.525,0.516,1,QKI
0.249005907531423,-0.331148987911352,0.861,0.88,1,UNC79
0.251307113589332,-0.412226094265158,0.5,0.526,1,PAPSS1
0.266912720336174,0.30698169413731,0.861,0.839,1,SETD5
0.27376120064901,-0.258869734304337,0.443,0.495,1,GART
0.278076042862084,0.255338552127273,0.418,0.37,1,SLC25A17
0.285101571400104,0.259116056298754,0.852,0.833,1,PRPF4B
0.310858658924904,-0.282025801568356,0.32,0.37,1,QRSL1
0.317641565969194,0.324379347941721,0.639,0.667,1,FAM91A1
0.339162616790099,0.250950825484507,0.992,0.99,1,KTN1
0.339964219333376,0.264542260046197,0.533,0.526,1,RGS16
0.350363366355186,0.303781429644259,0.525,0.667,1,SLC18A2
0.356131664713281,0.266694072864862,0.451,0.568,1,HEATR5A
0.400192007394816,0.420604532474216,0.648,0.667,1,SLC39A10
0.402443253566726,0.283264998032467,0.59,0.62,1,HEATR5B
0.415869423310474,-0.291461682180701,0.656,0.651,1,SF3B3
0.446703675175117,0.292856243129149,0.139,0.109,1,UBXN10
0.448218936250446,0.267450903715167,0.623,0.635,1,RNF141
0.449849188928375,0.282090701110896,0.746,0.771,1,FAM208A
0.451580777420445,-0.258484258035959,0.516,0.521,1,KIAA1191
0.460544031672715,-0.285639382729569,0.172,0.203,1,ECT2
0.464689847040357,0.308393412073383,0.336,0.312,1,JRKL
0.46489205178948,-0.250776929386254,0.459,0.464,1,IRGQ
0.475705958142842,0.34992256802129,0.828,0.839,1,C1orf9
0.483726065140699,0.258124418745306,0.467,0.443,1,PAPOLG
0.494249778612953,0.318852695647268,0.262,0.245,1,SWT1
0.498035769846463,0.327873957327797,0.5,0.516,1,KIAA1279
0.512836253736531,0.325285704808917,0.426,0.417,1,IFT80
0.529101144968274,-0.250198811050732,0.525,0.5,1,LIPA
0.530130178671236,0.377445759329606,0.762,0.807,1,PRNP
0.532821777560123,0.294288917632313,0.475,0.469,1,PAK1
0.537702682443841,0.303975072044716,0.885,0.833,1,USP47
0.547333001645334,0.265165402626362,0.574,0.661,1,PHF10
0.554087782251372,-0.360966382188791,0.566,0.516,1,USP3
0.55711358745579,0.26423193679785,0.508,0.521,1,KIAA0226
0.558500154027894,-0.265396747559318,0.32,0.323,1,C18orf8
0.59049382668094,-0.269147667914667,0.779,0.797,1,ATP2C1
0.601238795375612,-0.313164575859923,0.631,0.615,1,VPS8
0.608676231711449,-0.273881643225785,0.361,0.375,1,TRIB1
0.629765539676278,0.292267393772881,0.541,0.531,1,TTC7B
0.6428881550277,0.272515081049329,0.221,0.26,1,ABLIM2
0.65540398729533,0.265150465303344,0.533,0.531,1,KDM3A
0.661779503892072,0.338424312872035,0.287,0.344,1,APAF1
0.703693575334108,0.252518103925726,0.361,0.37,1,ABCA1
0.709819293149547,-0.277454903515121,0.189,0.198,1,ACAD9
0.715214977032293,-0.290278530820181,0.574,0.568,1,DCAF5
0.726905866637821,-0.301335598097881,0.598,0.615,1,EFR3B
0.73502383053963,0.250924877626126,0.295,0.349,1,GEMIN8
0.752929425024455,0.362901484102331,0.426,0.417,1,FKBP15
0.754404043026129,0.27604411247956,0.402,0.443,1,ACVR1
0.774828209165518,0.302566336202142,0.73,0.724,1,FAM178A
0.785579331824699,-0.370001165494779,0.27,0.26,1,LAS1L
0.802487904136844,0.250817937137202,0.516,0.599,1,TOMM70A
0.805646640044046,0.301527177087678,0.656,0.682,1,PDE5A
0.840566563109587,0.361259389140512,0.189,0.188,1,REG1A
0.845182956319512,0.275402405591077,0.582,0.651,1,SP100
0.849585874894738,0.25398370568434,0.377,0.411,1,TFIP11
0.849981479439501,0.376372008030961,0.508,0.547,1,OGFOD1
0.878497452131853,-0.266977188382095,0.369,0.365,1,FBXO38
0.883690225861437,0.349926823497679,0.426,0.458,1,PUS7L
0.893028966143656,0.32009101789578,0.459,0.521,1,SLC25A46
0.895140503462113,0.256785591596357,0.59,0.641,1,TRAK1
0.907849687091518,0.346632415860356,0.68,0.708,1,RASA1
0.909836810048679,0.293478261348597,0.418,0.432,1,KIAA0196
0.925291908565528,0.279682145689765,0.574,0.651,1,CHD8
0.926619001101059,-0.254080430761619,0.516,0.516,1,DOCK10
0.967997177842416,0.330235770956239,0.598,0.615,1,HIBCH
